video_index,video_name,frame_index,vehicle_id,associated_road,x,y,state,collision
0,Video_1_new_header.mp4,5,1,0,640.74,1893.72,detected,0
0,Video_1_new_header.mp4,5,2,2,204.34,621.32,detected,0
0,Video_1_new_header.mp4,6,1,0,650.41,1886.37,detected,0
0,Video_1_new_header.mp4,6,2,2,208.85,629.65,detected,0
0,Video_1_new_header.mp4,7,1,3,658.3,1878.66,detected,0
0,Video_1_new_header.mp4,7,2,1,215.63,633.66,detected,0
0,Video_1_new_header.mp4,8,1,3,666.56,1870.68,detected,0
0,Video_1_new_header.mp4,8,2,1,227.3,645.48,detected,0
0,Video_1_new_header.mp4,9,1,3,681.66,1867.03,detected,0
0,Video_1_new_header.mp4,9,2,1,230.18,650.46,detected,0
0,Video_1_new_header.mp4,10,1,3,687.37,1858.46,detected,0
0,Video_1_new_header.mp4,10,2,1,233.12,660.27,detected,0
0,Video_1_new_header.mp4,11,1,3,700.96,1850.11,detected,0
0,Video_1_new_header.mp4,11,2,1,242.15,669.4,detected,0
0,Video_1_new_header.mp4,12,1,0,707.57,1840.17,detected,0
0,Video_1_new_header.mp4,12,2,1,248.68,674.22,detected,0
0,Video_1_new_header.mp4,13,1,0,714.22,1827.83,detected,0
0,Video_1_new_header.mp4,13,2,1,251.15,679.05,detected,0
0,Video_1_new_header.mp4,14,1,0,726.13,1821.35,detected,0
0,Video_1_new_header.mp4,14,2,1,250.73,680.3,detected,0
0,Video_1_new_header.mp4,15,1,0,736.84,1813.55,detected,0
0,Video_1_new_header.mp4,15,2,1,255.57,693.21,detected,0
0,Video_1_new_header.mp4,16,1,0,741.99,1803.48,detected,0
0,Video_1_new_header.mp4,16,2,1,257.0,701.51,detected,0
0,Video_1_new_header.mp4,17,1,3,748.73,1797.41,detected,0
0,Video_1_new_header.mp4,17,2,1,262.65,708.36,detected,0
0,Video_1_new_header.mp4,18,1,3,754.4,1788.46,detected,0
0,Video_1_new_header.mp4,18,2,1,271.78,715.67,detected,0
0,Video_1_new_header.mp4,19,1,3,764.51,1777.27,detected,0
0,Video_1_new_header.mp4,19,2,1,277.51,721.87,detected,0
0,Video_1_new_header.mp4,20,1,3,768.74,1765.7,detected,0
0,Video_1_new_header.mp4,20,2,1,280.71,726.86,detected,0
0,Video_1_new_header.mp4,21,1,0,773.51,1760.32,detected,0
0,Video_1_new_header.mp4,21,2,1,287.14,732.74,detected,0
0,Video_1_new_header.mp4,22,1,0,786.23,1744.83,detected,0
0,Video_1_new_header.mp4,22,2,1,289.13,741.53,detected,0
0,Video_1_new_header.mp4,23,1,3,787.84,1739.0,detected,0
0,Video_1_new_header.mp4,23,2,1,292.67,751.21,detected,0
0,Video_1_new_header.mp4,24,1,3,798.17,1728.52,detected,0
0,Video_1_new_header.mp4,24,2,1,295.89,756.27,detected,0
0,Video_1_new_header.mp4,25,1,3,801.01,1717.11,detected,0
0,Video_1_new_header.mp4,25,2,1,301.14,763.51,detected,0
0,Video_1_new_header.mp4,26,1,0,807.17,1707.62,detected,0
0,Video_1_new_header.mp4,26,2,1,308.54,772.82,detected,0
0,Video_1_new_header.mp4,27,1,0,810.41,1697.27,detected,0
0,Video_1_new_header.mp4,27,2,1,311.28,780.58,detected,0
0,Video_1_new_header.mp4,27,3,2,37.9,321.84,detected,0
0,Video_1_new_header.mp4,28,1,3,816.82,1688.14,detected,0
0,Video_1_new_header.mp4,28,2,1,314.07,785.57,detected,0
0,Video_1_new_header.mp4,28,3,2,37.9,321.84,predicted,0
0,Video_1_new_header.mp4,29,1,0,821.79,1678.54,detected,0
0,Video_1_new_header.mp4,29,2,1,319.6,791.83,detected,0
0,Video_1_new_header.mp4,29,3,2,39.58,329.81,detected,0
0,Video_1_new_header.mp4,30,1,3,824.95,1663.02,detected,0
0,Video_1_new_header.mp4,30,2,1,323.87,799.4,detected,0
0,Video_1_new_header.mp4,30,3,2,39.58,329.81,predicted,0
0,Video_1_new_header.mp4,31,1,0,828.69,1655.72,detected,0
0,Video_1_new_header.mp4,31,2,1,330.28,805.54,detected,0
0,Video_1_new_header.mp4,31,3,1,55.94,331.01,detected,0
0,Video_1_new_header.mp4,32,1,0,832.29,1645.68,detected,0
0,Video_1_new_header.mp4,32,2,1,336.47,816.22,detected,0
0,Video_1_new_header.mp4,32,3,1,56.15,344.72,detected,0
0,Video_1_new_header.mp4,33,1,0,836.27,1634.08,detected,0
0,Video_1_new_header.mp4,33,2,1,344.55,823.71,detected,0
0,Video_1_new_header.mp4,33,3,1,55.85,349.66,detected,0
0,Video_1_new_header.mp4,34,1,0,839.78,1621.25,detected,0
0,Video_1_new_header.mp4,34,2,1,348.27,829.94,detected,0
0,Video_1_new_header.mp4,34,3,1,57.49,356.58,detected,0
0,Video_1_new_header.mp4,35,1,0,843.92,1609.65,detected,0
0,Video_1_new_header.mp4,35,2,1,349.53,836.58,detected,0
0,Video_1_new_header.mp4,35,3,1,55.74,358.08,detected,0
0,Video_1_new_header.mp4,36,1,3,844.51,1598.34,detected,0
0,Video_1_new_header.mp4,36,2,1,353.4,841.33,detected,0
0,Video_1_new_header.mp4,36,3,2,48.74,361.52,detected,0
0,Video_1_new_header.mp4,37,1,3,851.13,1588.12,detected,0
0,Video_1_new_header.mp4,37,2,1,359.8,851.94,detected,0
0,Video_1_new_header.mp4,37,3,2,49.54,361.34,detected,0
0,Video_1_new_header.mp4,38,1,3,851.6,1578.46,detected,0
0,Video_1_new_header.mp4,38,2,1,366.94,856.83,detected,0
0,Video_1_new_header.mp4,38,3,2,50.57,363.29,detected,0
0,Video_1_new_header.mp4,39,1,0,853.0,1567.81,detected,0
0,Video_1_new_header.mp4,39,2,1,370.13,864.7,detected,0
0,Video_1_new_header.mp4,39,3,2,53.28,365.0,detected,0
0,Video_1_new_header.mp4,40,1,0,856.42,1559.24,detected,0
0,Video_1_new_header.mp4,40,2,1,377.32,873.68,detected,0
0,Video_1_new_header.mp4,40,3,2,53.24,367.76,detected,0
0,Video_1_new_header.mp4,41,1,0,858.03,1545.32,detected,0
0,Video_1_new_header.mp4,41,2,3,382.62,881.06,detected,0
0,Video_1_new_header.mp4,41,3,2,58.55,371.03,detected,0
0,Video_1_new_header.mp4,42,1,0,859.06,1534.01,detected,0
0,Video_1_new_header.mp4,42,2,1,385.39,887.49,detected,0
0,Video_1_new_header.mp4,42,3,1,56.79,379.72,detected,0
0,Video_1_new_header.mp4,43,1,3,859.86,1524.51,detected,0
0,Video_1_new_header.mp4,43,2,1,391.86,893.73,detected,0
0,Video_1_new_header.mp4,43,3,1,56.37,381.74,detected,0
0,Video_1_new_header.mp4,44,1,3,860.43,1513.8,detected,0
0,Video_1_new_header.mp4,44,2,1,394.56,902.76,detected,0
0,Video_1_new_header.mp4,44,3,2,59.46,386.93,detected,0
0,Video_1_new_header.mp4,45,1,3,861.57,1499.8,detected,0
0,Video_1_new_header.mp4,45,2,1,398.3,908.39,detected,0
0,Video_1_new_header.mp4,45,3,2,60.27,386.77,detected,0
0,Video_1_new_header.mp4,46,1,0,861.67,1490.19,detected,0
0,Video_1_new_header.mp4,46,2,1,401.24,914.29,detected,0
0,Video_1_new_header.mp4,46,3,1,63.71,392.88,detected,0
0,Video_1_new_header.mp4,47,1,3,865.22,1480.67,detected,0
0,Video_1_new_header.mp4,47,2,1,408.01,926.16,detected,0
0,Video_1_new_header.mp4,47,3,2,64.86,396.25,detected,0
0,Video_1_new_header.mp4,48,1,3,863.11,1472.1,detected,0
0,Video_1_new_header.mp4,48,2,1,413.09,933.58,detected,0
0,Video_1_new_header.mp4,48,3,2,68.73,397.92,detected,0
0,Video_1_new_header.mp4,49,1,0,865.03,1462.88,detected,0
0,Video_1_new_header.mp4,49,2,1,420.12,940.12,detected,0
0,Video_1_new_header.mp4,49,3,2,69.01,406.25,detected,0
0,Video_1_new_header.mp4,50,1,3,863.02,1446.24,detected,0
0,Video_1_new_header.mp4,50,2,1,424.59,946.2,detected,0
0,Video_1_new_header.mp4,50,3,2,69.6,408.68,detected,0
0,Video_1_new_header.mp4,51,1,0,863.39,1439.8,detected,0
0,Video_1_new_header.mp4,51,2,1,430.42,954.47,detected,0
0,Video_1_new_header.mp4,51,3,2,77.83,412.74,detected,0
0,Video_1_new_header.mp4,52,1,0,862.9,1427.19,detected,0
0,Video_1_new_header.mp4,52,2,1,437.12,961.39,detected,0
0,Video_1_new_header.mp4,52,3,2,78.11,417.25,detected,0
0,Video_1_new_header.mp4,53,1,3,862.69,1415.24,detected,0
0,Video_1_new_header.mp4,53,2,1,442.54,971.86,detected,0
0,Video_1_new_header.mp4,53,3,2,82.31,421.5,detected,0
0,Video_1_new_header.mp4,54,1,3,862.56,1408.62,detected,0
0,Video_1_new_header.mp4,54,2,1,449.63,979.87,detected,0
0,Video_1_new_header.mp4,54,3,2,82.64,424.51,detected,0
0,Video_1_new_header.mp4,55,1,0,861.79,1396.02,detected,0
0,Video_1_new_header.mp4,55,2,1,453.91,986.56,detected,0
0,Video_1_new_header.mp4,55,3,2,84.01,426.8,detected,0
0,Video_1_new_header.mp4,56,1,0,859.98,1386.92,detected,0
0,Video_1_new_header.mp4,56,2,1,457.0,992.14,detected,0
0,Video_1_new_header.mp4,56,3,2,85.34,437.9,detected,0
0,Video_1_new_header.mp4,57,1,0,858.94,1375.6,detected,0
0,Video_1_new_header.mp4,57,2,1,458.98,1001.19,detected,0
0,Video_1_new_header.mp4,57,3,2,89.37,448.7,detected,0
0,Video_1_new_header.mp4,58,1,0,855.44,1362.51,detected,0
0,Video_1_new_header.mp4,58,2,1,465.79,1007.62,detected,0
0,Video_1_new_header.mp4,58,3,2,91.18,440.0,detected,0
0,Video_1_new_header.mp4,59,1,3,856.09,1356.8,detected,0
0,Video_1_new_header.mp4,59,2,1,474.52,1014.98,detected,0
0,Video_1_new_header.mp4,59,3,2,92.55,447.04,detected,0
0,Video_1_new_header.mp4,60,1,0,850.23,1348.67,detected,0
0,Video_1_new_header.mp4,60,2,1,480.28,1025.57,detected,0
0,Video_1_new_header.mp4,60,3,2,95.42,465.76,detected,0
0,Video_1_new_header.mp4,61,1,0,848.43,1336.84,detected,0
0,Video_1_new_header.mp4,61,2,1,484.95,1032.36,detected,0
0,Video_1_new_header.mp4,61,3,2,98.2,471.45,detected,0
0,Video_1_new_header.mp4,62,1,3,846.12,1328.25,detected,0
0,Video_1_new_header.mp4,62,2,1,488.03,1038.05,detected,0
0,Video_1_new_header.mp4,62,3,2,102.5,477.62,detected,0
0,Video_1_new_header.mp4,63,1,3,842.55,1318.44,detected,0
0,Video_1_new_header.mp4,63,2,1,494.7,1046.28,detected,0
0,Video_1_new_header.mp4,63,3,2,105.68,484.95,detected,0
0,Video_1_new_header.mp4,64,1,3,839.59,1306.62,detected,0
0,Video_1_new_header.mp4,64,2,1,499.65,1054.14,detected,0
0,Video_1_new_header.mp4,64,3,2,110.0,497.36,detected,0
0,Video_1_new_header.mp4,65,1,3,836.88,1300.16,detected,0
0,Video_1_new_header.mp4,65,2,1,502.21,1062.93,detected,0
0,Video_1_new_header.mp4,65,3,2,113.92,502.71,detected,0
0,Video_1_new_header.mp4,66,1,3,832.31,1284.74,detected,0
0,Video_1_new_header.mp4,66,2,1,510.36,1068.89,detected,0
0,Video_1_new_header.mp4,66,3,2,122.99,509.73,detected,0
0,Video_1_new_header.mp4,67,1,3,823.62,1279.03,detected,0
0,Video_1_new_header.mp4,67,2,4,512.42,1078.69,detected,0
0,Video_1_new_header.mp4,67,3,1,133.28,518.59,detected,0
0,Video_1_new_header.mp4,68,1,0,820.11,1270.64,detected,0
0,Video_1_new_header.mp4,68,2,4,517.91,1086.99,detected,0
0,Video_1_new_header.mp4,68,3,1,139.98,525.39,detected,0
0,Video_1_new_header.mp4,69,1,0,817.14,1260.39,detected,0
0,Video_1_new_header.mp4,69,2,1,523.33,1092.75,detected,0
0,Video_1_new_header.mp4,69,3,2,143.11,526.5,detected,0
0,Video_1_new_header.mp4,70,1,3,812.32,1250.97,detected,0
0,Video_1_new_header.mp4,70,2,4,533.58,1101.06,detected,0
0,Video_1_new_header.mp4,70,3,2,141.07,534.79,detected,0
0,Video_1_new_header.mp4,71,1,3,810.14,1240.23,detected,0
0,Video_1_new_header.mp4,71,2,4,538.17,1108.8,detected,0
0,Video_1_new_header.mp4,71,3,2,150.61,540.67,detected,0
0,Video_1_new_header.mp4,72,1,3,802.14,1232.58,detected,0
0,Video_1_new_header.mp4,72,2,4,540.73,1116.85,detected,0
0,Video_1_new_header.mp4,72,3,2,163.21,548.91,detected,0
0,Video_1_new_header.mp4,73,1,0,797.44,1226.13,detected,0
0,Video_1_new_header.mp4,73,2,4,545.75,1126.63,detected,0
0,Video_1_new_header.mp4,73,3,2,165.43,555.59,detected,0
0,Video_1_new_header.mp4,74,1,0,790.13,1216.41,detected,0
0,Video_1_new_header.mp4,74,2,1,551.77,1133.81,detected,0
0,Video_1_new_header.mp4,74,3,1,167.58,565.5,detected,0
0,Video_1_new_header.mp4,75,1,3,786.11,1209.5,detected,0
0,Video_1_new_header.mp4,75,2,1,554.58,1139.99,detected,0
0,Video_1_new_header.mp4,75,3,2,173.75,573.11,detected,0
0,Video_1_new_header.mp4,76,1,3,778.73,1200.58,detected,0
0,Video_1_new_header.mp4,76,2,4,560.18,1147.57,detected,0
0,Video_1_new_header.mp4,76,3,1,173.2,576.81,detected,0
0,Video_1_new_header.mp4,77,1,0,774.39,1191.29,detected,0
0,Video_1_new_header.mp4,77,2,4,566.0,1156.99,detected,0
0,Video_1_new_header.mp4,77,3,2,178.14,582.31,detected,0
0,Video_1_new_header.mp4,78,1,0,769.48,1185.91,detected,0
0,Video_1_new_header.mp4,78,2,1,571.21,1166.26,detected,0
0,Video_1_new_header.mp4,78,3,2,182.24,589.53,detected,0
0,Video_1_new_header.mp4,79,1,3,761.79,1179.03,detected,0
0,Video_1_new_header.mp4,79,2,4,580.35,1173.77,detected,0
0,Video_1_new_header.mp4,79,3,2,190.29,597.43,detected,0
0,Video_1_new_header.mp4,80,1,3,754.18,1170.57,detected,0
0,Video_1_new_header.mp4,80,2,1,582.28,1181.22,detected,0
0,Video_1_new_header.mp4,80,3,2,195.99,602.76,detected,0
0,Video_1_new_header.mp4,81,1,3,745.68,1163.66,detected,0
0,Video_1_new_header.mp4,81,2,4,587.07,1187.55,detected,0
0,Video_1_new_header.mp4,81,3,2,199.65,607.42,detected,0
0,Video_1_new_header.mp4,82,1,0,741.94,1156.98,detected,0
0,Video_1_new_header.mp4,82,2,4,593.64,1194.89,detected,0
0,Video_1_new_header.mp4,82,3,1,203.52,614.44,detected,0
0,Video_1_new_header.mp4,83,1,3,735.65,1146.62,detected,0
0,Video_1_new_header.mp4,83,2,4,601.51,1203.9,detected,0
0,Video_1_new_header.mp4,83,3,2,205.17,620.71,detected,0
0,Video_1_new_header.mp4,84,1,0,731.64,1138.81,detected,0
0,Video_1_new_header.mp4,84,2,1,606.54,1213.84,detected,0
0,Video_1_new_header.mp4,84,3,2,209.07,628.63,detected,0
0,Video_1_new_header.mp4,85,1,0,725.89,1128.9,detected,0
0,Video_1_new_header.mp4,85,2,1,612.78,1221.1,detected,0
0,Video_1_new_header.mp4,85,3,1,213.93,634.29,detected,0
0,Video_1_new_header.mp4,86,1,0,722.45,1121.86,detected,0
0,Video_1_new_header.mp4,86,2,4,614.03,1228.82,detected,0
0,Video_1_new_header.mp4,86,3,1,227.84,644.91,detected,0
0,Video_1_new_header.mp4,87,1,0,720.5,1118.9,detected,0
0,Video_1_new_header.mp4,87,2,4,622.76,1236.62,detected,0
0,Video_1_new_header.mp4,87,3,1,230.15,650.35,detected,0
0,Video_1_new_header.mp4,88,1,0,712.36,1107.68,detected,0
0,Video_1_new_header.mp4,88,2,4,625.15,1244.59,detected,0
0,Video_1_new_header.mp4,88,3,1,232.18,659.26,detected,0
0,Video_1_new_header.mp4,89,1,0,703.41,1099.33,detected,0
0,Video_1_new_header.mp4,89,2,4,629.58,1254.39,detected,0
0,Video_1_new_header.mp4,89,3,1,241.67,668.69,detected,0
0,Video_1_new_header.mp4,90,1,3,697.57,1093.28,detected,0
0,Video_1_new_header.mp4,90,2,1,638.26,1260.97,detected,0
0,Video_1_new_header.mp4,90,3,1,247.33,675.51,detected,0
0,Video_1_new_header.mp4,91,1,3,692.3,1084.08,detected,0
0,Video_1_new_header.mp4,91,2,1,643.16,1268.61,detected,0
0,Video_1_new_header.mp4,91,3,1,250.73,678.6,detected,0
0,Video_1_new_header.mp4,92,1,0,688.85,1075.78,detected,0
0,Video_1_new_header.mp4,92,2,4,648.41,1279.42,detected,0
0,Video_1_new_header.mp4,92,3,1,251.18,680.3,detected,0
0,Video_1_new_header.mp4,93,1,0,683.62,1067.59,detected,0
0,Video_1_new_header.mp4,93,2,4,654.59,1286.68,detected,0
0,Video_1_new_header.mp4,93,3,1,256.58,693.16,detected,0
0,Video_1_new_header.mp4,94,1,3,677.15,1061.88,detected,0
0,Video_1_new_header.mp4,94,2,4,661.2,1293.33,detected,0
0,Video_1_new_header.mp4,94,3,1,257.76,701.64,detected,0
0,Video_1_new_header.mp4,95,1,0,672.95,1055.95,detected,0
0,Video_1_new_header.mp4,95,2,4,667.31,1303.24,detected,0
0,Video_1_new_header.mp4,95,3,1,262.97,708.51,detected,0
0,Video_1_new_header.mp4,96,1,0,666.66,1045.86,detected,0
0,Video_1_new_header.mp4,96,2,1,671.68,1309.31,detected,0
0,Video_1_new_header.mp4,96,3,1,274.75,716.11,detected,0
0,Video_1_new_header.mp4,97,1,3,659.07,1039.17,detected,0
0,Video_1_new_header.mp4,97,2,1,674.85,1318.63,detected,0
0,Video_1_new_header.mp4,97,3,1,278.34,724.66,detected,0
0,Video_1_new_header.mp4,98,1,0,656.04,1034.02,detected,0
0,Video_1_new_header.mp4,98,2,4,680.55,1327.36,detected,0
0,Video_1_new_header.mp4,98,3,1,283.38,729.38,detected,0
0,Video_1_new_header.mp4,99,1,0,652.33,1026.55,detected,0
0,Video_1_new_header.mp4,99,2,1,685.5,1335.81,detected,0
0,Video_1_new_header.mp4,99,3,1,288.05,733.68,detected,0
0,Video_1_new_header.mp4,100,1,0,642.77,1013.66,detected,0
0,Video_1_new_header.mp4,100,2,4,692.42,1344.16,detected,0
0,Video_1_new_header.mp4,100,3,1,289.56,741.77,detected,0
0,Video_1_new_header.mp4,101,1,3,640.82,1007.14,detected,0
0,Video_1_new_header.mp4,101,2,4,698.29,1353.06,detected,0
0,Video_1_new_header.mp4,101,3,1,292.18,751.0,detected,0
0,Video_1_new_header.mp4,102,1,0,634.05,1002.7,detected,0
0,Video_1_new_header.mp4,102,2,4,705.73,1364.65,detected,0
0,Video_1_new_header.mp4,102,3,1,296.32,755.87,detected,0
0,Video_1_new_header.mp4,103,1,0,626.94,992.49,detected,0
0,Video_1_new_header.mp4,103,2,4,707.67,1374.19,detected,0
0,Video_1_new_header.mp4,103,3,1,303.15,764.45,detected,0
0,Video_1_new_header.mp4,104,1,0,623.89,986.3,detected,0
0,Video_1_new_header.mp4,104,2,4,710.86,1385.54,detected,0
0,Video_1_new_header.mp4,104,3,1,306.77,773.0,detected,0
0,Video_1_new_header.mp4,105,1,0,617.66,979.35,detected,0
0,Video_1_new_header.mp4,105,2,4,710.59,1393.39,detected,0
0,Video_1_new_header.mp4,105,3,1,310.49,780.5,detected,0
0,Video_1_new_header.mp4,106,1,0,612.55,971.47,detected,0
0,Video_1_new_header.mp4,106,2,4,714.05,1403.29,detected,0
0,Video_1_new_header.mp4,106,3,1,313.94,785.81,detected,0
0,Video_1_new_header.mp4,107,1,0,609.12,963.0,detected,0
0,Video_1_new_header.mp4,107,2,4,714.03,1415.29,detected,0
0,Video_1_new_header.mp4,107,3,1,319.69,792.1,detected,0
0,Video_1_new_header.mp4,108,1,0,603.81,954.11,detected,0
0,Video_1_new_header.mp4,108,2,1,714.83,1425.14,detected,0
0,Video_1_new_header.mp4,108,3,1,323.86,800.32,detected,0
0,Video_1_new_header.mp4,109,1,0,597.21,946.91,detected,0
0,Video_1_new_header.mp4,109,2,1,716.48,1436.0,detected,0
0,Video_1_new_header.mp4,109,3,1,330.61,805.64,detected,0
0,Video_1_new_header.mp4,110,1,0,592.11,941.17,detected,0
0,Video_1_new_header.mp4,110,2,1,716.32,1444.71,detected,0
0,Video_1_new_header.mp4,110,3,1,336.78,815.74,detected,0
0,Video_1_new_header.mp4,111,1,0,586.74,933.66,detected,0
0,Video_1_new_header.mp4,111,2,4,718.66,1459.08,detected,0
0,Video_1_new_header.mp4,111,3,1,343.47,824.22,detected,0
0,Video_1_new_header.mp4,112,1,0,581.01,926.28,detected,0
0,Video_1_new_header.mp4,112,2,4,719.2,1470.09,detected,0
0,Video_1_new_header.mp4,112,3,1,346.56,830.44,detected,0
0,Video_1_new_header.mp4,113,1,0,578.16,914.94,detected,0
0,Video_1_new_header.mp4,113,2,4,721.36,1479.3,detected,0
0,Video_1_new_header.mp4,113,3,1,348.27,834.92,detected,0
0,Video_1_new_header.mp4,114,1,0,571.28,910.99,detected,0
0,Video_1_new_header.mp4,114,2,4,720.27,1487.18,detected,0
0,Video_1_new_header.mp4,114,3,1,352.61,841.04,detected,0
0,Video_1_new_header.mp4,115,1,0,568.59,904.64,detected,0
0,Video_1_new_header.mp4,115,2,4,719.41,1499.77,detected,0
0,Video_1_new_header.mp4,115,3,1,357.46,852.03,detected,0
0,Video_1_new_header.mp4,116,1,0,562.97,892.82,detected,0
0,Video_1_new_header.mp4,116,2,1,715.15,1517.49,detected,0
0,Video_1_new_header.mp4,116,3,1,362.98,857.79,detected,0
0,Video_1_new_header.mp4,117,1,0,555.56,888.34,detected,0
0,Video_1_new_header.mp4,117,2,4,716.56,1523.88,detected,0
0,Video_1_new_header.mp4,117,3,1,369.65,864.92,detected,0
0,Video_1_new_header.mp4,118,1,0,553.72,882.45,detected,0
0,Video_1_new_header.mp4,118,2,4,711.53,1536.73,detected,0
0,Video_1_new_header.mp4,118,3,1,375.86,874.18,detected,0
0,Video_1_new_header.mp4,119,1,0,545.69,876.35,detected,0
0,Video_1_new_header.mp4,119,2,4,710.37,1543.2,detected,0
0,Video_1_new_header.mp4,119,3,3,381.94,881.19,detected,0
0,Video_1_new_header.mp4,120,1,0,540.04,864.77,detected,0
0,Video_1_new_header.mp4,120,2,1,706.69,1556.12,detected,0
0,Video_1_new_header.mp4,120,3,1,385.93,887.43,detected,0
0,Video_1_new_header.mp4,121,1,0,536.76,860.51,detected,0
0,Video_1_new_header.mp4,121,2,1,707.62,1566.34,detected,0
0,Video_1_new_header.mp4,121,3,1,391.22,892.59,detected,0
0,Video_1_new_header.mp4,122,1,0,531.85,853.52,detected,0
0,Video_1_new_header.mp4,122,2,1,706.09,1576.79,detected,0
0,Video_1_new_header.mp4,122,3,1,399.29,903.0,detected,0
0,Video_1_new_header.mp4,123,1,0,524.45,840.0,detected,0
0,Video_1_new_header.mp4,123,2,1,703.33,1586.94,detected,0
0,Video_1_new_header.mp4,123,3,1,399.89,908.66,detected,0
0,Video_1_new_header.mp4,124,1,0,522.89,834.26,detected,0
0,Video_1_new_header.mp4,124,2,4,700.22,1595.73,detected,0
0,Video_1_new_header.mp4,124,3,1,402.05,914.17,detected,0
0,Video_1_new_header.mp4,125,1,0,513.12,830.54,detected,0
0,Video_1_new_header.mp4,125,2,4,696.2,1608.25,detected,0
0,Video_1_new_header.mp4,125,3,1,408.33,926.04,detected,0
0,Video_1_new_header.mp4,126,1,0,510.78,826.23,detected,0
0,Video_1_new_header.mp4,126,2,4,692.82,1621.28,detected,0
0,Video_1_new_header.mp4,126,3,1,410.69,934.09,detected,0
0,Video_1_new_header.mp4,127,1,0,502.46,813.71,detected,0
0,Video_1_new_header.mp4,127,2,4,686.39,1630.73,detected,0
0,Video_1_new_header.mp4,127,3,1,418.82,940.85,detected,0
0,Video_1_new_header.mp4,128,1,0,498.07,808.3,detected,0
0,Video_1_new_header.mp4,128,2,1,676.31,1641.76,detected,0
0,Video_1_new_header.mp4,128,3,1,423.34,946.98,detected,0
0,Video_1_new_header.mp4,129,1,0,495.66,799.83,detected,0
0,Video_1_new_header.mp4,129,2,4,672.96,1650.2,detected,0
0,Video_1_new_header.mp4,129,3,1,427.89,955.41,detected,0
0,Video_1_new_header.mp4,130,1,0,489.24,788.61,detected,0
0,Video_1_new_header.mp4,130,2,4,670.13,1658.62,detected,0
0,Video_1_new_header.mp4,130,3,1,436.63,961.85,detected,0
0,Video_1_new_header.mp4,131,1,0,483.27,783.84,detected,0
0,Video_1_new_header.mp4,131,2,4,665.91,1669.14,detected,0
0,Video_1_new_header.mp4,131,3,1,441.03,971.0,detected,0
0,Video_1_new_header.mp4,132,1,0,475.88,777.43,detected,0
0,Video_1_new_header.mp4,132,2,1,659.57,1680.74,detected,0
0,Video_1_new_header.mp4,132,3,1,449.77,979.53,detected,0
0,Video_1_new_header.mp4,133,1,0,475.33,769.34,detected,0
0,Video_1_new_header.mp4,133,2,4,656.11,1687.85,detected,0
0,Video_1_new_header.mp4,133,3,1,454.22,987.2,detected,0
0,Video_1_new_header.mp4,134,1,0,469.32,760.8,detected,0
0,Video_1_new_header.mp4,134,2,1,649.01,1696.75,detected,0
0,Video_1_new_header.mp4,134,3,1,456.32,992.93,detected,0
0,Video_1_new_header.mp4,135,1,0,463.31,755.65,detected,0
0,Video_1_new_header.mp4,135,2,4,631.48,1707.78,detected,0
0,Video_1_new_header.mp4,135,3,1,459.29,1001.03,detected,0
0,Video_1_new_header.mp4,136,1,0,459.4,750.94,detected,0
0,Video_1_new_header.mp4,136,2,4,626.35,1718.98,detected,0
0,Video_1_new_header.mp4,136,3,1,463.79,1007.35,detected,0
0,Video_1_new_header.mp4,137,1,0,453.49,740.49,detected,0
0,Video_1_new_header.mp4,137,2,4,619.33,1723.58,detected,0
0,Video_1_new_header.mp4,137,3,1,474.06,1014.94,detected,0
0,Video_1_new_header.mp4,138,1,0,448.99,735.12,detected,0
0,Video_1_new_header.mp4,138,2,4,616.03,1735.24,detected,0
0,Video_1_new_header.mp4,138,3,1,479.72,1025.41,detected,0
0,Video_1_new_header.mp4,139,1,0,444.86,728.87,detected,0
0,Video_1_new_header.mp4,139,2,4,605.88,1741.45,detected,0
0,Video_1_new_header.mp4,139,3,1,484.81,1032.52,detected,0
0,Video_1_new_header.mp4,140,1,0,438.56,724.04,detected,0
0,Video_1_new_header.mp4,140,2,1,597.05,1748.36,detected,0
0,Video_1_new_header.mp4,140,3,1,488.96,1038.65,detected,0
0,Video_1_new_header.mp4,141,1,0,434.9,711.61,detected,0
0,Video_1_new_header.mp4,141,2,1,586.95,1757.24,detected,0
0,Video_1_new_header.mp4,141,3,1,494.86,1045.75,detected,0
0,Video_1_new_header.mp4,142,1,0,431.16,705.63,detected,0
0,Video_1_new_header.mp4,142,2,4,580.83,1765.58,detected,0
0,Video_1_new_header.mp4,142,3,1,501.04,1054.27,detected,0
0,Video_1_new_header.mp4,143,1,0,422.48,699.42,detected,0
0,Video_1_new_header.mp4,143,2,1,568.7,1768.44,detected,0
0,Video_1_new_header.mp4,143,3,1,502.24,1062.8,detected,0
0,Video_1_new_header.mp4,144,1,0,421.57,692.89,detected,0
0,Video_1_new_header.mp4,144,2,1,556.12,1778.61,detected,0
0,Video_1_new_header.mp4,144,3,1,509.6,1069.98,detected,0
0,Video_1_new_header.mp4,145,1,0,416.66,684.84,detected,0
0,Video_1_new_header.mp4,145,2,1,546.43,1786.36,detected,0
0,Video_1_new_header.mp4,145,3,4,512.81,1078.22,detected,0
0,Video_1_new_header.mp4,146,1,0,412.33,679.2,detected,0
0,Video_1_new_header.mp4,146,2,1,538.25,1788.91,detected,0
0,Video_1_new_header.mp4,146,3,1,520.0,1086.76,detected,0
0,Video_1_new_header.mp4,147,1,0,410.58,673.47,detected,0
0,Video_1_new_header.mp4,147,2,1,530.0,1795.9,detected,0
0,Video_1_new_header.mp4,147,3,1,524.03,1093.01,detected,0
0,Video_1_new_header.mp4,148,1,0,399.75,666.92,detected,0
0,Video_1_new_header.mp4,148,2,1,518.53,1802.13,detected,0
0,Video_1_new_header.mp4,148,3,4,533.32,1100.79,detected,0
0,Video_1_new_header.mp4,149,1,0,393.66,657.72,detected,0
0,Video_1_new_header.mp4,149,2,1,508.45,1809.84,detected,0
0,Video_1_new_header.mp4,149,3,4,538.15,1108.55,detected,0
0,Video_1_new_header.mp4,150,1,0,391.17,650.2,detected,0
0,Video_1_new_header.mp4,150,2,4,494.39,1813.49,detected,0
0,Video_1_new_header.mp4,150,3,4,541.35,1116.23,detected,0
0,Video_1_new_header.mp4,151,1,0,386.92,644.79,detected,0
0,Video_1_new_header.mp4,151,2,4,482.8,1821.12,detected,0
0,Video_1_new_header.mp4,151,3,4,545.97,1126.65,detected,0
0,Video_1_new_header.mp4,152,1,0,377.85,636.57,detected,0
0,Video_1_new_header.mp4,152,2,1,475.65,1826.99,detected,0
0,Video_1_new_header.mp4,152,3,1,551.06,1133.87,detected,0
0,Video_1_new_header.mp4,153,1,0,372.36,629.73,detected,0
0,Video_1_new_header.mp4,153,2,1,465.62,1832.36,detected,0
0,Video_1_new_header.mp4,153,3,1,553.58,1139.96,detected,0
0,Video_1_new_header.mp4,154,1,0,370.5,623.6,detected,0
0,Video_1_new_header.mp4,154,2,4,451.69,1838.0,detected,0
0,Video_1_new_header.mp4,154,3,4,560.18,1148.0,detected,0
0,Video_1_new_header.mp4,155,1,0,366.44,617.44,detected,0
0,Video_1_new_header.mp4,155,2,4,443.81,1848.26,detected,0
0,Video_1_new_header.mp4,155,3,4,566.36,1157.08,detected,0
0,Video_1_new_header.mp4,156,1,0,361.22,608.2,detected,0
0,Video_1_new_header.mp4,156,2,1,436.78,1855.15,detected,0
0,Video_1_new_header.mp4,156,3,1,572.49,1163.95,detected,0
0,Video_1_new_header.mp4,157,1,0,355.0,601.78,detected,0
0,Video_1_new_header.mp4,157,2,1,425.61,1862.05,detected,0
0,Video_1_new_header.mp4,157,3,4,581.97,1173.58,detected,0
0,Video_1_new_header.mp4,158,1,0,353.99,597.81,detected,0
0,Video_1_new_header.mp4,158,2,1,414.81,1867.18,detected,0
0,Video_1_new_header.mp4,158,3,1,583.18,1181.83,detected,0
0,Video_1_new_header.mp4,159,1,0,346.04,588.2,detected,0
0,Video_1_new_header.mp4,159,2,1,407.08,1876.75,detected,0
0,Video_1_new_header.mp4,159,3,1,589.76,1189.17,detected,0
0,Video_1_new_header.mp4,160,1,0,343.43,580.79,detected,0
0,Video_1_new_header.mp4,160,2,4,394.79,1883.33,detected,0
0,Video_1_new_header.mp4,160,3,4,594.74,1196.27,detected,0
1,Video_2_new_header.mp4,5,1,0,640.03,1894.41,detected,0
1,Video_2_new_header.mp4,5,2,4,177.9,1028.68,detected,0
1,Video_2_new_header.mp4,6,1,0,650.43,1886.25,detected,0
1,Video_2_new_header.mp4,6,2,4,189.14,1024.44,detected,0
1,Video_2_new_header.mp4,7,1,3,657.8,1878.5,detected,0
1,Video_2_new_header.mp4,7,2,4,208.97,1022.01,detected,0
1,Video_2_new_header.mp4,8,1,3,666.04,1870.3,detected,0
1,Video_2_new_header.mp4,8,2,4,222.48,1020.1,detected,0
1,Video_2_new_header.mp4,9,1,3,681.52,1866.54,detected,0
1,Video_2_new_header.mp4,9,2,4,227.96,1014.08,detected,0
1,Video_2_new_header.mp4,10,1,3,687.19,1858.45,detected,0
1,Video_2_new_header.mp4,10,2,4,225.75,1012.92,detected,0
1,Video_2_new_header.mp4,11,1,3,700.61,1850.45,detected,0
1,Video_2_new_header.mp4,11,2,4,233.73,1011.36,detected,0
1,Video_2_new_header.mp4,12,1,0,707.52,1839.92,detected,0
1,Video_2_new_header.mp4,12,2,4,255.96,1007.94,detected,0
1,Video_2_new_header.mp4,13,1,0,714.43,1827.65,detected,0
1,Video_2_new_header.mp4,13,2,4,262.8,1005.74,detected,0
1,Video_2_new_header.mp4,14,1,0,726.05,1821.36,detected,0
1,Video_2_new_header.mp4,14,2,4,279.94,1006.13,detected,0
1,Video_2_new_header.mp4,15,1,0,735.76,1813.63,detected,0
1,Video_2_new_header.mp4,15,2,4,281.59,1005.6,detected,0
1,Video_2_new_header.mp4,16,1,0,740.72,1803.56,detected,0
1,Video_2_new_header.mp4,16,2,4,290.85,1002.67,detected,0
1,Video_2_new_header.mp4,17,1,3,749.2,1797.43,detected,0
1,Video_2_new_header.mp4,17,2,4,302.56,1002.53,detected,0
1,Video_2_new_header.mp4,18,1,3,754.7,1788.26,detected,0
1,Video_2_new_header.mp4,18,2,4,315.57,1002.9,detected,0
1,Video_2_new_header.mp4,19,1,3,764.0,1776.98,detected,0
1,Video_2_new_header.mp4,19,2,4,320.5,1003.43,detected,0
1,Video_2_new_header.mp4,20,1,3,769.68,1765.63,detected,0
1,Video_2_new_header.mp4,20,2,4,334.39,1003.05,detected,0
1,Video_2_new_header.mp4,21,1,3,773.36,1759.92,detected,0
1,Video_2_new_header.mp4,21,2,4,344.12,1002.48,detected,0
1,Video_2_new_header.mp4,22,1,3,783.25,1746.4,detected,0
1,Video_2_new_header.mp4,22,2,4,349.45,1006.31,detected,0
1,Video_2_new_header.mp4,23,1,0,787.3,1739.01,detected,0
1,Video_2_new_header.mp4,23,2,4,361.85,1004.07,detected,0
1,Video_2_new_header.mp4,24,1,3,798.04,1728.41,detected,0
1,Video_2_new_header.mp4,24,2,4,370.31,1009.93,detected,0
1,Video_2_new_header.mp4,25,1,3,800.58,1717.0,detected,0
1,Video_2_new_header.mp4,25,2,4,383.76,1006.58,detected,0
1,Video_2_new_header.mp4,26,1,0,806.71,1708.81,detected,0
1,Video_2_new_header.mp4,26,2,4,395.99,1009.1,detected,0
1,Video_2_new_header.mp4,27,1,0,810.34,1697.68,detected,0
1,Video_2_new_header.mp4,27,2,4,399.92,1014.05,detected,0
1,Video_2_new_header.mp4,28,1,3,816.3,1688.82,detected,0
1,Video_2_new_header.mp4,28,2,4,407.86,1015.62,detected,0
1,Video_2_new_header.mp4,29,1,0,822.81,1679.16,detected,0
1,Video_2_new_header.mp4,29,2,4,423.3,1022.02,detected,0
1,Video_2_new_header.mp4,30,1,3,825.22,1664.14,detected,0
1,Video_2_new_header.mp4,30,2,4,426.41,1026.61,detected,0
1,Video_2_new_header.mp4,31,1,0,828.7,1655.99,detected,0
1,Video_2_new_header.mp4,31,2,4,444.27,1029.66,detected,0
1,Video_2_new_header.mp4,32,1,0,833.3,1644.93,detected,0
1,Video_2_new_header.mp4,32,2,4,447.85,1032.98,detected,0
1,Video_2_new_header.mp4,33,1,0,835.95,1635.03,detected,0
1,Video_2_new_header.mp4,33,2,4,453.13,1037.46,detected,0
1,Video_2_new_header.mp4,34,1,0,839.57,1621.35,detected,0
1,Video_2_new_header.mp4,34,2,4,465.17,1043.14,detected,0
1,Video_2_new_header.mp4,35,1,0,843.93,1609.58,detected,0
1,Video_2_new_header.mp4,35,2,4,474.61,1049.53,detected,0
1,Video_2_new_header.mp4,36,1,0,844.49,1598.05,detected,0
1,Video_2_new_header.mp4,36,2,4,486.44,1055.71,detected,0
1,Video_2_new_header.mp4,37,1,3,850.89,1588.35,detected,0
1,Video_2_new_header.mp4,37,2,4,492.52,1064.34,detected,0
1,Video_2_new_header.mp4,38,1,3,851.48,1578.47,detected,0
1,Video_2_new_header.mp4,38,2,4,502.96,1067.86,detected,0
1,Video_2_new_header.mp4,39,1,0,852.9,1567.79,detected,0
1,Video_2_new_header.mp4,39,2,1,508.89,1073.67,detected,0
1,Video_2_new_header.mp4,40,1,0,856.31,1558.56,detected,0
1,Video_2_new_header.mp4,40,2,4,511.88,1079.53,detected,0
1,Video_2_new_header.mp4,41,1,0,857.62,1545.3,detected,0
1,Video_2_new_header.mp4,41,2,4,520.41,1086.77,detected,0
1,Video_2_new_header.mp4,42,1,0,858.96,1534.02,detected,0
1,Video_2_new_header.mp4,42,2,1,528.13,1091.89,detected,0
1,Video_2_new_header.mp4,43,1,3,860.08,1524.59,detected,0
1,Video_2_new_header.mp4,43,2,4,534.21,1098.29,detected,0
1,Video_2_new_header.mp4,44,1,3,860.39,1514.17,detected,0
1,Video_2_new_header.mp4,44,2,4,538.37,1106.03,detected,0
1,Video_2_new_header.mp4,45,1,3,861.34,1500.05,detected,0
1,Video_2_new_header.mp4,45,2,4,542.36,1115.73,detected,0
1,Video_2_new_header.mp4,46,1,0,861.73,1490.02,detected,0
1,Video_2_new_header.mp4,46,2,4,549.82,1124.78,detected,0
1,Video_2_new_header.mp4,47,1,3,865.01,1481.66,detected,0
1,Video_2_new_header.mp4,47,2,4,554.64,1130.15,detected,0
1,Video_2_new_header.mp4,48,1,3,863.51,1472.24,detected,0
1,Video_2_new_header.mp4,48,2,4,563.21,1136.5,detected,0
1,Video_2_new_header.mp4,49,1,0,865.02,1463.31,detected,0
1,Video_2_new_header.mp4,49,2,4,569.29,1143.51,detected,0
1,Video_2_new_header.mp4,50,1,3,863.06,1446.61,detected,0
1,Video_2_new_header.mp4,50,2,4,569.92,1154.56,detected,0
1,Video_2_new_header.mp4,51,1,0,862.98,1440.04,detected,0
1,Video_2_new_header.mp4,51,2,4,579.55,1161.55,detected,0
1,Video_2_new_header.mp4,52,1,0,862.48,1426.23,detected,0
1,Video_2_new_header.mp4,52,2,4,584.08,1170.03,detected,0
1,Video_2_new_header.mp4,53,1,3,862.04,1418.56,detected,0
1,Video_2_new_header.mp4,53,2,4,587.34,1182.94,detected,0
1,Video_2_new_header.mp4,54,1,3,862.53,1408.54,detected,0
1,Video_2_new_header.mp4,54,2,4,591.96,1193.59,detected,0
1,Video_2_new_header.mp4,55,1,0,861.82,1396.54,detected,0
1,Video_2_new_header.mp4,55,2,4,597.64,1200.66,detected,0
1,Video_2_new_header.mp4,56,1,0,860.21,1387.2,detected,0
1,Video_2_new_header.mp4,56,2,4,604.39,1208.44,detected,0
1,Video_2_new_header.mp4,57,1,0,859.47,1375.54,detected,0
1,Video_2_new_header.mp4,57,2,4,610.19,1216.12,detected,0
1,Video_2_new_header.mp4,58,1,0,856.02,1362.61,detected,0
1,Video_2_new_header.mp4,58,2,4,614.78,1226.42,detected,0
1,Video_2_new_header.mp4,59,1,3,856.61,1357.16,detected,0
1,Video_2_new_header.mp4,59,2,1,622.54,1233.5,detected,0
1,Video_2_new_header.mp4,60,1,0,850.31,1349.04,detected,0
1,Video_2_new_header.mp4,60,2,1,623.66,1239.64,detected,0
1,Video_2_new_header.mp4,61,1,0,849.08,1336.58,detected,0
1,Video_2_new_header.mp4,61,2,1,628.88,1248.85,detected,0
1,Video_2_new_header.mp4,62,1,3,846.78,1327.73,detected,0
1,Video_2_new_header.mp4,62,2,4,633.66,1256.34,detected,0
1,Video_2_new_header.mp4,63,1,3,841.0,1314.33,detected,0
1,Video_2_new_header.mp4,63,2,1,640.95,1263.89,detected,0
1,Video_2_new_header.mp4,64,1,3,840.56,1306.01,detected,0
1,Video_2_new_header.mp4,64,2,1,645.27,1274.32,detected,0
1,Video_2_new_header.mp4,65,1,3,835.09,1296.59,detected,0
1,Video_2_new_header.mp4,65,2,1,649.92,1281.36,detected,0
1,Video_2_new_header.mp4,66,1,3,832.64,1285.11,detected,0
1,Video_2_new_header.mp4,66,2,4,654.83,1289.79,detected,0
1,Video_2_new_header.mp4,67,1,3,822.53,1278.59,detected,0
1,Video_2_new_header.mp4,67,2,4,662.38,1296.24,detected,0
1,Video_2_new_header.mp4,68,1,0,818.8,1270.31,detected,0
1,Video_2_new_header.mp4,68,2,4,666.94,1307.29,detected,0
1,Video_2_new_header.mp4,69,1,3,818.36,1259.73,detected,0
1,Video_2_new_header.mp4,69,2,4,672.47,1314.89,detected,0
1,Video_2_new_header.mp4,70,1,3,813.39,1252.73,detected,0
1,Video_2_new_header.mp4,70,2,4,676.37,1323.22,detected,0
1,Video_2_new_header.mp4,71,1,3,809.71,1241.02,detected,0
1,Video_2_new_header.mp4,71,2,1,682.4,1333.14,detected,0
1,Video_2_new_header.mp4,72,1,3,802.6,1232.01,detected,0
1,Video_2_new_header.mp4,72,2,4,687.36,1340.53,detected,0
1,Video_2_new_header.mp4,73,1,0,798.86,1225.66,detected,0
1,Video_2_new_header.mp4,73,2,4,693.31,1348.21,detected,0
1,Video_2_new_header.mp4,74,1,0,790.84,1218.34,detected,0
1,Video_2_new_header.mp4,74,2,4,702.68,1359.42,detected,0
1,Video_2_new_header.mp4,75,1,3,787.31,1210.66,detected,0
1,Video_2_new_header.mp4,75,2,4,712.36,1369.95,detected,0
1,Video_2_new_header.mp4,76,1,3,778.35,1201.28,detected,0
1,Video_2_new_header.mp4,76,2,4,707.69,1379.2,detected,0
1,Video_2_new_header.mp4,77,1,0,774.75,1191.53,detected,0
1,Video_2_new_header.mp4,77,2,4,710.89,1390.2,detected,0
1,Video_2_new_header.mp4,78,1,0,768.03,1185.35,detected,0
1,Video_2_new_header.mp4,78,2,4,713.34,1398.42,detected,0
1,Video_2_new_header.mp4,79,1,0,759.31,1176.91,detected,0
1,Video_2_new_header.mp4,79,2,4,714.23,1411.22,detected,0
1,Video_2_new_header.mp4,80,1,3,754.58,1170.67,detected,0
1,Video_2_new_header.mp4,80,2,1,714.17,1421.88,detected,0
1,Video_2_new_header.mp4,81,1,3,744.56,1162.43,detected,0
1,Video_2_new_header.mp4,81,2,4,717.13,1429.63,detected,0
1,Video_2_new_header.mp4,82,1,3,740.91,1154.5,detected,0
1,Video_2_new_header.mp4,82,2,4,717.54,1440.58,detected,0
1,Video_2_new_header.mp4,83,1,3,733.15,1147.81,detected,0
1,Video_2_new_header.mp4,83,2,4,719.14,1450.78,detected,0
1,Video_2_new_header.mp4,84,1,3,730.43,1137.64,detected,0
1,Video_2_new_header.mp4,84,2,4,717.47,1465.38,detected,0
1,Video_2_new_header.mp4,85,1,0,726.11,1131.53,detected,0
1,Video_2_new_header.mp4,85,2,1,720.13,1474.72,detected,0
1,Video_2_new_header.mp4,86,1,3,722.58,1124.01,detected,0
1,Video_2_new_header.mp4,86,2,1,721.7,1483.49,detected,0
1,Video_2_new_header.mp4,87,1,0,718.16,1116.87,detected,0
1,Video_2_new_header.mp4,87,2,1,719.89,1495.04,detected,0
1,Video_2_new_header.mp4,88,1,0,710.88,1107.89,detected,0
1,Video_2_new_header.mp4,88,2,4,715.34,1512.99,detected,0
1,Video_2_new_header.mp4,89,1,0,705.61,1099.21,detected,0
1,Video_2_new_header.mp4,89,2,1,717.61,1518.95,detected,0
1,Video_2_new_header.mp4,90,1,3,696.36,1094.28,detected,0
1,Video_2_new_header.mp4,90,2,1,716.32,1526.93,detected,0
1,Video_2_new_header.mp4,91,1,3,693.59,1084.63,detected,0
1,Video_2_new_header.mp4,91,2,4,712.33,1537.42,detected,0
1,Video_2_new_header.mp4,92,1,0,687.48,1078.59,detected,0
1,Video_2_new_header.mp4,92,2,4,707.93,1549.08,detected,0
1,Video_2_new_header.mp4,93,1,0,684.73,1067.12,detected,0
1,Video_2_new_header.mp4,93,2,1,707.43,1566.5,detected,0
1,Video_2_new_header.mp4,94,1,3,676.61,1061.98,detected,0
1,Video_2_new_header.mp4,94,2,4,705.14,1572.66,detected,0
1,Video_2_new_header.mp4,95,1,0,672.82,1056.72,detected,0
1,Video_2_new_header.mp4,95,2,4,702.67,1582.6,detected,0
1,Video_2_new_header.mp4,96,1,0,666.88,1045.35,detected,0
1,Video_2_new_header.mp4,96,2,1,700.67,1589.93,detected,0
1,Video_2_new_header.mp4,97,1,3,658.81,1039.29,detected,0
1,Video_2_new_header.mp4,97,2,4,698.86,1601.73,detected,0
1,Video_2_new_header.mp4,98,1,0,656.04,1033.96,detected,0
1,Video_2_new_header.mp4,98,2,1,695.48,1615.15,detected,0
1,Video_2_new_header.mp4,99,1,0,652.16,1026.72,detected,0
1,Video_2_new_header.mp4,99,2,1,687.81,1624.47,detected,0
1,Video_2_new_header.mp4,100,1,0,643.61,1013.73,detected,0
1,Video_2_new_header.mp4,100,2,4,678.3,1635.8,detected,0
1,Video_2_new_header.mp4,101,1,0,638.89,1005.66,detected,0
1,Video_2_new_header.mp4,101,2,4,674.13,1645.77,detected,0
1,Video_2_new_header.mp4,102,1,3,627.57,999.22,detected,0
1,Video_2_new_header.mp4,102,2,1,671.94,1655.58,detected,0
1,Video_2_new_header.mp4,103,1,0,624.32,990.33,detected,0
1,Video_2_new_header.mp4,103,2,1,669.44,1663.91,detected,0
1,Video_2_new_header.mp4,104,1,3,613.35,984.98,detected,0
1,Video_2_new_header.mp4,104,2,4,662.88,1675.78,detected,0
1,Video_2_new_header.mp4,105,1,3,607.94,982.45,detected,0
1,Video_2_new_header.mp4,105,2,4,656.41,1684.46,detected,0
1,Video_2_new_header.mp4,106,1,3,601.37,976.93,detected,0
1,Video_2_new_header.mp4,106,2,4,649.49,1693.24,detected,0
1,Video_2_new_header.mp4,107,1,3,591.68,967.62,detected,0
1,Video_2_new_header.mp4,107,2,4,639.35,1700.28,detected,0
1,Video_2_new_header.mp4,108,1,3,588.31,961.28,detected,0
1,Video_2_new_header.mp4,108,2,4,627.36,1715.91,detected,0
1,Video_2_new_header.mp4,109,1,3,578.24,956.33,detected,0
1,Video_2_new_header.mp4,109,2,4,623.08,1722.6,detected,0
1,Video_2_new_header.mp4,110,1,3,571.31,950.45,detected,0
1,Video_2_new_header.mp4,110,2,4,617.1,1732.88,detected,0
1,Video_2_new_header.mp4,111,1,3,565.69,943.75,detected,0
1,Video_2_new_header.mp4,111,2,4,612.56,1738.05,detected,0
1,Video_2_new_header.mp4,112,1,3,552.6,939.62,detected,0
1,Video_2_new_header.mp4,112,2,4,603.8,1744.37,detected,0
1,Video_2_new_header.mp4,113,1,3,547.72,935.69,detected,0
1,Video_2_new_header.mp4,113,2,4,588.13,1750.79,detected,0
1,Video_2_new_header.mp4,114,1,3,537.1,928.3,detected,0
1,Video_2_new_header.mp4,114,2,4,584.33,1762.37,detected,0
1,Video_2_new_header.mp4,115,1,3,530.25,925.45,detected,0
1,Video_2_new_header.mp4,115,2,4,576.66,1766.08,detected,0
1,Video_2_new_header.mp4,116,1,3,524.46,921.51,detected,0
1,Video_2_new_header.mp4,116,2,4,558.91,1774.48,detected,0
1,Video_2_new_header.mp4,117,1,3,518.52,920.29,detected,0
1,Video_2_new_header.mp4,117,2,4,552.13,1782.26,detected,0
1,Video_2_new_header.mp4,118,1,3,508.06,915.53,detected,0
1,Video_2_new_header.mp4,118,2,4,541.92,1788.44,detected,0
1,Video_2_new_header.mp4,119,1,3,497.08,910.77,detected,0
1,Video_2_new_header.mp4,119,2,4,534.11,1794.48,detected,0
1,Video_2_new_header.mp4,120,1,3,489.83,908.72,detected,0
1,Video_2_new_header.mp4,120,2,4,523.05,1797.59,detected,0
1,Video_2_new_header.mp4,121,1,3,472.95,904.32,detected,0
1,Video_2_new_header.mp4,121,2,4,514.44,1806.23,detected,0
1,Video_2_new_header.mp4,122,1,3,468.69,899.55,detected,0
1,Video_2_new_header.mp4,122,2,4,502.09,1808.67,detected,0
1,Video_2_new_header.mp4,123,1,3,458.88,895.85,detected,0
1,Video_2_new_header.mp4,123,2,4,488.57,1816.65,detected,0
1,Video_2_new_header.mp4,124,1,3,449.61,892.75,detected,0
1,Video_2_new_header.mp4,124,2,4,479.34,1823.61,detected,0
1,Video_2_new_header.mp4,125,1,3,438.27,889.12,detected,0
1,Video_2_new_header.mp4,125,2,4,469.72,1827.69,detected,0
1,Video_2_new_header.mp4,126,1,3,425.78,887.58,detected,0
1,Video_2_new_header.mp4,126,2,4,459.6,1834.51,detected,0
1,Video_2_new_header.mp4,127,1,3,418.45,885.65,detected,0
1,Video_2_new_header.mp4,127,2,4,447.66,1841.48,detected,0
1,Video_2_new_header.mp4,128,1,3,409.6,885.17,detected,0
1,Video_2_new_header.mp4,128,2,4,438.31,1851.49,detected,0
1,Video_2_new_header.mp4,129,1,3,404.33,883.05,detected,0
1,Video_2_new_header.mp4,129,2,4,432.25,1857.79,detected,0
1,Video_2_new_header.mp4,130,1,3,384.98,880.12,detected,0
1,Video_2_new_header.mp4,130,2,4,421.72,1863.48,detected,0
1,Video_2_new_header.mp4,131,1,3,381.21,877.17,detected,0
1,Video_2_new_header.mp4,131,2,4,412.15,1872.74,detected,0
1,Video_2_new_header.mp4,132,1,3,368.63,877.24,detected,0
1,Video_2_new_header.mp4,132,2,4,402.26,1879.97,detected,0
1,Video_2_new_header.mp4,133,1,3,353.43,876.0,detected,0
1,Video_2_new_header.mp4,133,2,4,390.99,1886.25,detected,0
2,Video_3_new_header.mp4,2,1,2,37.49,321.61,detected,0
2,Video_3_new_header.mp4,3,1,2,38.29,323.46,detected,0
2,Video_3_new_header.mp4,4,1,2,38.28,330.07,detected,0
2,Video_3_new_header.mp4,5,2,4,178.88,1028.82,detected,0
2,Video_3_new_header.mp4,5,1,2,38.47,334.48,predicted,0
2,Video_3_new_header.mp4,6,2,4,186.29,1023.03,detected,0
2,Video_3_new_header.mp4,6,1,1,55.38,332.06,detected,0
2,Video_3_new_header.mp4,7,2,4,194.73,1018.35,detected,0
2,Video_3_new_header.mp4,7,1,1,57.13,345.47,detected,0
2,Video_3_new_header.mp4,8,2,5,204.09,1008.65,detected,0
2,Video_3_new_header.mp4,8,1,1,56.25,347.98,detected,0
2,Video_3_new_header.mp4,9,2,5,207.43,997.54,detected,0
2,Video_3_new_header.mp4,9,1,1,58.67,353.24,detected,0
2,Video_3_new_header.mp4,10,2,5,212.0,991.29,detected,0
2,Video_3_new_header.mp4,10,1,1,58.41,358.43,detected,0
2,Video_3_new_header.mp4,11,2,5,228.28,984.51,detected,0
2,Video_3_new_header.mp4,11,1,2,50.06,361.94,detected,0
2,Video_3_new_header.mp4,12,2,5,228.27,978.49,detected,0
2,Video_3_new_header.mp4,12,1,2,49.48,361.53,detected,0
2,Video_3_new_header.mp4,13,2,5,235.75,970.44,detected,0
2,Video_3_new_header.mp4,13,1,2,50.25,363.6,detected,0
2,Video_3_new_header.mp4,14,2,5,240.81,961.85,detected,0
2,Video_3_new_header.mp4,14,1,2,52.69,364.81,detected,0
2,Video_3_new_header.mp4,15,2,5,247.57,957.17,detected,0
2,Video_3_new_header.mp4,15,1,2,52.74,369.16,detected,0
2,Video_3_new_header.mp4,16,2,5,259.29,946.36,detected,0
2,Video_3_new_header.mp4,16,1,2,57.87,372.88,detected,0
2,Video_3_new_header.mp4,17,2,5,261.48,936.42,detected,0
2,Video_3_new_header.mp4,17,1,2,57.22,377.89,detected,0
2,Video_3_new_header.mp4,18,2,5,265.75,931.05,detected,0
2,Video_3_new_header.mp4,18,1,1,58.29,381.26,detected,0
2,Video_3_new_header.mp4,19,2,5,272.97,923.97,detected,0
2,Video_3_new_header.mp4,19,1,2,59.33,385.76,detected,0
2,Video_3_new_header.mp4,20,2,5,281.17,914.02,detected,0
2,Video_3_new_header.mp4,20,1,2,60.57,388.74,detected,0
2,Video_3_new_header.mp4,21,2,5,284.92,905.21,detected,0
2,Video_3_new_header.mp4,21,1,2,64.56,393.43,detected,0
2,Video_3_new_header.mp4,22,2,5,294.22,897.44,detected,0
2,Video_3_new_header.mp4,22,1,2,65.13,398.8,detected,0
2,Video_3_new_header.mp4,23,2,5,298.46,888.76,detected,0
2,Video_3_new_header.mp4,23,1,2,67.12,397.75,detected,0
2,Video_3_new_header.mp4,24,2,5,301.76,881.06,detected,0
2,Video_3_new_header.mp4,24,1,2,70.24,404.39,detected,0
2,Video_3_new_header.mp4,25,2,5,309.24,870.11,detected,0
2,Video_3_new_header.mp4,25,1,2,70.3,407.38,detected,0
2,Video_3_new_header.mp4,26,2,5,312.31,864.64,detected,0
2,Video_3_new_header.mp4,26,1,2,77.04,410.82,detected,0
2,Video_3_new_header.mp4,27,2,5,318.01,856.49,detected,0
2,Video_3_new_header.mp4,27,1,2,78.5,415.69,detected,0
2,Video_3_new_header.mp4,28,2,5,320.32,846.24,detected,0
2,Video_3_new_header.mp4,28,1,2,81.34,420.91,detected,0
2,Video_3_new_header.mp4,29,2,5,323.01,838.44,detected,0
2,Video_3_new_header.mp4,29,1,2,82.06,423.83,detected,0
2,Video_3_new_header.mp4,30,2,5,321.96,827.53,detected,0
2,Video_3_new_header.mp4,30,1,2,83.31,429.59,detected,0
2,Video_3_new_header.mp4,31,2,5,330.39,820.28,detected,0
2,Video_3_new_header.mp4,31,1,1,84.88,433.45,detected,0
2,Video_3_new_header.mp4,32,2,1,335.63,812.14,detected,0
2,Video_3_new_header.mp4,32,1,1,87.12,446.34,detected,0
2,Video_3_new_header.mp4,33,2,5,343.44,803.28,detected,0
2,Video_3_new_header.mp4,33,1,2,92.45,441.56,detected,0
2,Video_3_new_header.mp4,34,2,5,340.33,794.93,detected,0
2,Video_3_new_header.mp4,34,1,1,93.63,443.61,detected,0
2,Video_3_new_header.mp4,35,2,5,341.53,785.32,detected,0
2,Video_3_new_header.mp4,35,1,2,96.92,460.53,detected,0
2,Video_3_new_header.mp4,36,2,5,344.22,779.18,detected,0
2,Video_3_new_header.mp4,36,1,2,99.26,476.14,detected,0
2,Video_3_new_header.mp4,37,2,5,346.49,770.21,detected,0
2,Video_3_new_header.mp4,37,1,2,104.11,480.02,detected,0
2,Video_3_new_header.mp4,38,2,5,349.81,759.92,detected,0
2,Video_3_new_header.mp4,38,1,2,106.65,488.77,detected,0
2,Video_3_new_header.mp4,39,2,5,349.63,750.77,detected,0
2,Video_3_new_header.mp4,39,1,2,114.51,498.65,detected,0
2,Video_3_new_header.mp4,40,2,5,350.29,742.52,detected,0
2,Video_3_new_header.mp4,40,1,2,118.04,502.27,detected,0
2,Video_3_new_header.mp4,41,2,5,357.43,731.97,detected,0
2,Video_3_new_header.mp4,41,1,2,122.69,509.08,detected,0
2,Video_3_new_header.mp4,42,2,5,350.0,724.57,detected,0
2,Video_3_new_header.mp4,42,1,1,132.01,516.35,detected,0
2,Video_3_new_header.mp4,43,2,5,351.5,716.7,detected,0
2,Video_3_new_header.mp4,43,1,2,140.07,525.18,detected,0
2,Video_3_new_header.mp4,44,2,5,352.2,708.23,detected,0
2,Video_3_new_header.mp4,44,1,2,143.54,525.59,detected,0
2,Video_3_new_header.mp4,45,2,5,357.39,695.85,detected,0
2,Video_3_new_header.mp4,45,1,2,146.79,534.41,detected,0
2,Video_3_new_header.mp4,46,2,5,357.53,688.93,detected,0
2,Video_3_new_header.mp4,46,1,2,151.75,538.48,detected,0
2,Video_3_new_header.mp4,47,2,5,353.01,680.08,detected,0
2,Video_3_new_header.mp4,47,1,2,162.85,548.99,detected,0
2,Video_3_new_header.mp4,48,2,5,354.32,673.6,detected,0
2,Video_3_new_header.mp4,48,1,2,163.64,555.58,detected,0
2,Video_3_new_header.mp4,49,2,5,352.0,665.29,detected,0
2,Video_3_new_header.mp4,49,1,2,165.17,564.87,detected,0
2,Video_3_new_header.mp4,50,2,5,349.93,656.51,detected,0
2,Video_3_new_header.mp4,50,1,2,170.98,572.66,detected,0
2,Video_3_new_header.mp4,51,2,5,349.99,645.22,detected,0
2,Video_3_new_header.mp4,51,1,1,173.25,576.21,detected,0
2,Video_3_new_header.mp4,52,2,5,344.22,638.61,detected,0
2,Video_3_new_header.mp4,52,1,2,176.99,581.14,detected,0
2,Video_3_new_header.mp4,53,2,5,349.52,625.94,detected,0
2,Video_3_new_header.mp4,53,1,2,183.79,591.63,detected,0
2,Video_3_new_header.mp4,54,2,5,353.57,622.73,detected,0
2,Video_3_new_header.mp4,54,1,2,188.7,600.46,detected,0
2,Video_3_new_header.mp4,55,2,5,344.85,615.75,detected,0
2,Video_3_new_header.mp4,55,1,2,193.28,604.57,detected,0
2,Video_3_new_header.mp4,56,2,5,342.21,605.3,detected,0
2,Video_3_new_header.mp4,56,1,2,199.96,608.84,detected,0
2,Video_3_new_header.mp4,57,2,5,342.54,599.69,detected,0
2,Video_3_new_header.mp4,57,1,1,202.96,615.3,detected,0
2,Video_3_new_header.mp4,58,2,5,338.42,594.3,detected,0
2,Video_3_new_header.mp4,58,1,2,202.65,621.31,detected,0
2,Video_3_new_header.mp4,59,2,5,336.94,585.8,detected,0
2,Video_3_new_header.mp4,59,1,2,207.69,629.95,detected,0
2,Video_3_new_header.mp4,60,2,0,334.32,572.82,detected,0
2,Video_3_new_header.mp4,60,1,2,217.98,639.68,detected,0
2,Video_3_new_header.mp4,61,2,5,330.37,570.99,detected,0
2,Video_3_new_header.mp4,61,1,2,215.58,652.12,detected,0
2,Video_3_new_header.mp4,62,2,5,329.59,564.07,detected,0
2,Video_3_new_header.mp4,62,1,2,217.37,660.0,detected,0
2,Video_3_new_header.mp4,63,2,5,324.5,554.73,detected,0
2,Video_3_new_header.mp4,63,1,2,227.36,667.91,detected,0
2,Video_3_new_header.mp4,64,2,5,321.49,546.68,detected,0
2,Video_3_new_header.mp4,64,1,2,230.79,676.23,detected,0
2,Video_3_new_header.mp4,65,2,5,315.11,543.38,detected,0
2,Video_3_new_header.mp4,65,1,2,230.13,683.95,detected,0
2,Video_3_new_header.mp4,66,2,5,309.77,529.0,detected,0
2,Video_3_new_header.mp4,66,1,2,229.59,697.5,detected,0
2,Video_3_new_header.mp4,67,2,5,306.16,523.62,detected,0
2,Video_3_new_header.mp4,67,1,2,229.54,704.23,detected,0
2,Video_3_new_header.mp4,68,2,5,305.85,518.22,detected,0
2,Video_3_new_header.mp4,68,1,2,226.34,710.59,detected,0
2,Video_3_new_header.mp4,69,2,5,302.46,511.23,detected,0
2,Video_3_new_header.mp4,69,1,2,230.55,719.21,detected,0
2,Video_3_new_header.mp4,70,2,5,295.11,505.15,detected,0
2,Video_3_new_header.mp4,70,1,2,223.44,729.21,detected,0
2,Video_3_new_header.mp4,71,2,5,291.17,498.99,detected,0
2,Video_3_new_header.mp4,71,1,2,219.33,735.56,detected,0
2,Video_3_new_header.mp4,72,2,5,287.67,493.24,detected,0
2,Video_3_new_header.mp4,72,1,2,230.73,746.92,detected,0
2,Video_3_new_header.mp4,73,2,5,281.88,484.25,detected,0
2,Video_3_new_header.mp4,73,1,2,220.49,755.11,detected,0
2,Video_3_new_header.mp4,74,2,5,272.73,477.83,detected,0
2,Video_3_new_header.mp4,74,1,2,226.96,763.52,detected,0
2,Video_3_new_header.mp4,75,2,5,268.18,473.43,detected,0
2,Video_3_new_header.mp4,75,1,2,220.47,770.2,detected,0
2,Video_3_new_header.mp4,76,2,5,262.28,465.04,detected,0
2,Video_3_new_header.mp4,76,1,2,218.68,780.35,detected,0
2,Video_3_new_header.mp4,77,2,5,257.72,458.16,detected,0
2,Video_3_new_header.mp4,77,1,2,216.43,789.84,detected,0
2,Video_3_new_header.mp4,78,2,5,255.75,452.96,detected,0
2,Video_3_new_header.mp4,78,1,2,209.47,799.87,detected,0
2,Video_3_new_header.mp4,79,2,5,251.31,447.42,detected,0
2,Video_3_new_header.mp4,79,1,2,209.49,810.81,detected,0
2,Video_3_new_header.mp4,80,2,5,248.75,441.53,detected,0
2,Video_3_new_header.mp4,80,1,2,208.47,818.17,detected,0
2,Video_3_new_header.mp4,81,2,5,237.64,432.47,detected,0
2,Video_3_new_header.mp4,81,1,2,204.85,825.78,detected,0
2,Video_3_new_header.mp4,82,2,5,231.44,424.61,detected,0
2,Video_3_new_header.mp4,82,1,2,202.68,832.81,detected,0
2,Video_3_new_header.mp4,83,2,0,228.54,420.83,detected,0
2,Video_3_new_header.mp4,83,1,2,189.13,840.34,detected,0
2,Video_3_new_header.mp4,84,2,5,227.27,416.81,detected,0
2,Video_3_new_header.mp4,84,1,2,187.21,849.01,detected,0
2,Video_3_new_header.mp4,85,2,0,222.44,408.52,detected,0
2,Video_3_new_header.mp4,85,1,2,177.66,859.18,detected,0
2,Video_3_new_header.mp4,86,2,5,220.19,402.88,detected,0
2,Video_3_new_header.mp4,86,1,2,174.07,866.04,detected,0
2,Video_3_new_header.mp4,87,2,0,209.05,400.32,detected,0
2,Video_3_new_header.mp4,87,1,2,164.89,873.61,detected,0
2,Video_3_new_header.mp4,88,2,0,212.37,397.4,detected,0
2,Video_3_new_header.mp4,88,1,2,161.6,881.86,detected,0
2,Video_3_new_header.mp4,89,2,5,207.38,393.07,detected,0
2,Video_3_new_header.mp4,89,1,2,156.47,888.06,detected,0
2,Video_3_new_header.mp4,90,2,0,205.04,389.63,detected,0
2,Video_3_new_header.mp4,90,1,3,148.88,901.16,detected,0
2,Video_3_new_header.mp4,91,2,0,202.45,386.78,detected,0
2,Video_3_new_header.mp4,91,1,2,140.01,903.75,detected,0
2,Video_3_new_header.mp4,92,2,5,200.7,382.64,detected,0
2,Video_3_new_header.mp4,92,1,2,127.64,908.93,detected,0
2,Video_3_new_header.mp4,93,2,0,194.8,379.63,detected,0
2,Video_3_new_header.mp4,93,1,3,127.76,914.94,detected,0
2,Video_3_new_header.mp4,94,2,0,192.47,377.4,detected,0
2,Video_3_new_header.mp4,94,1,2,114.6,923.37,detected,0
2,Video_3_new_header.mp4,95,2,5,189.78,375.43,detected,0
2,Video_3_new_header.mp4,95,1,2,106.28,930.12,detected,0
2,Video_3_new_header.mp4,96,2,5,183.22,372.39,detected,0
2,Video_3_new_header.mp4,96,1,2,104.58,934.84,detected,0
2,Video_3_new_header.mp4,97,2,5,182.99,367.7,detected,0
2,Video_3_new_header.mp4,97,1,2,106.26,940.53,detected,0
2,Video_3_new_header.mp4,98,2,5,183.47,364.26,detected,0
2,Video_3_new_header.mp4,98,1,2,95.25,950.11,detected,0
2,Video_3_new_header.mp4,99,2,5,181.59,361.84,detected,0
2,Video_3_new_header.mp4,99,1,2,94.81,958.21,detected,0
2,Video_3_new_header.mp4,100,2,5,184.3,359.16,detected,0
2,Video_3_new_header.mp4,100,1,2,94.2,966.16,detected,0
2,Video_3_new_header.mp4,101,2,5,184.68,354.4,detected,0
2,Video_3_new_header.mp4,101,1,2,84.37,971.75,detected,0
2,Video_3_new_header.mp4,102,2,5,176.52,352.29,detected,0
2,Video_3_new_header.mp4,102,1,2,76.87,968.44,detected,0
2,Video_3_new_header.mp4,103,2,5,171.67,349.16,detected,0
2,Video_3_new_header.mp4,103,1,2,76.03,969.64,detected,0
2,Video_3_new_header.mp4,104,2,5,179.05,345.22,detected,0
2,Video_3_new_header.mp4,104,1,2,66.94,979.47,detected,0
2,Video_3_new_header.mp4,105,2,5,174.93,341.65,detected,0
2,Video_3_new_header.mp4,105,1,2,64.49,978.17,detected,0
2,Video_3_new_header.mp4,106,2,5,172.79,338.13,detected,0
2,Video_3_new_header.mp4,106,1,2,60.24,981.0,detected,0
2,Video_3_new_header.mp4,107,2,5,170.96,335.33,detected,0
2,Video_3_new_header.mp4,107,1,2,51.06,983.03,detected,0
2,Video_3_new_header.mp4,108,2,5,162.91,332.92,detected,0
2,Video_3_new_header.mp4,108,1,2,50.47,988.63,detected,0
2,Video_3_new_header.mp4,109,2,5,160.22,329.41,detected,0
2,Video_3_new_header.mp4,109,1,2,46.47,990.07,detected,0
2,Video_3_new_header.mp4,110,2,5,157.96,325.66,detected,0
2,Video_3_new_header.mp4,110,1,2,47.68,989.3,detected,0
2,Video_3_new_header.mp4,111,2,5,152.3,323.84,detected,0
2,Video_3_new_header.mp4,111,1,2,39.09,992.84,detected,0
2,Video_3_new_header.mp4,112,2,5,135.08,321.85,detected,0
2,Video_3_new_header.mp4,112,1,3,40.28,996.63,detected,0
2,Video_3_new_header.mp4,113,2,5,131.81,321.08,detected,0
2,Video_3_new_header.mp4,113,1,3,38.46,998.84,detected,0
2,Video_3_new_header.mp4,114,2,5,124.99,319.74,predicted,0
2,Video_3_new_header.mp4,114,1,3,36.9,1001.98,detected,0
2,Video_3_new_header.mp4,115,2,5,126.89,304.15,predicted,0
2,Video_3_new_header.mp4,115,1,2,24.01,1009.52,detected,0
2,Video_3_new_header.mp4,116,2,5,120.07,302.81,predicted,0
2,Video_3_new_header.mp4,116,1,3,24.4,1016.27,detected,0
2,Video_3_new_header.mp4,117,2,5,113.25,301.47,predicted,0
2,Video_3_new_header.mp4,117,1,3,21.32,1021.32,detected,0
2,Video_3_new_header.mp4,118,2,5,106.42,300.13,predicted,0
2,Video_3_new_header.mp4,118,1,3,18.22,1026.88,predicted,0
2,Video_3_new_header.mp4,119,2,5,99.6,298.8,predicted,0
2,Video_3_new_header.mp4,119,1,3,6.07,1035.88,predicted,0
2,Video_3_new_header.mp4,120,2,5,92.78,297.46,predicted,0
2,Video_3_new_header.mp4,120,1,3,2.97,1041.44,predicted,0
2,Video_3_new_header.mp4,121,2,5,85.95,296.12,predicted,0
2,Video_3_new_header.mp4,122,2,5,79.13,294.78,predicted,0
2,Video_3_new_header.mp4,123,2,5,72.31,293.44,predicted,0
3,Video_4_new_header.mp4,5,1,0,640.82,1893.47,detected,0
3,Video_4_new_header.mp4,6,1,0,650.21,1886.27,detected,0
3,Video_4_new_header.mp4,7,1,3,658.04,1878.3,detected,0
3,Video_4_new_header.mp4,8,1,3,665.67,1871.06,detected,0
3,Video_4_new_header.mp4,9,1,3,681.2,1867.03,detected,0
3,Video_4_new_header.mp4,10,1,3,687.01,1859.47,detected,0
3,Video_4_new_header.mp4,11,1,3,700.1,1850.73,detected,0
3,Video_4_new_header.mp4,12,1,0,707.59,1840.02,detected,0
3,Video_4_new_header.mp4,13,1,0,714.2,1827.71,detected,0
3,Video_4_new_header.mp4,14,1,0,724.85,1821.57,detected,0
3,Video_4_new_header.mp4,15,1,0,736.49,1813.54,detected,0
3,Video_4_new_header.mp4,16,1,0,741.38,1803.78,detected,0
3,Video_4_new_header.mp4,17,1,0,749.29,1797.22,detected,0
3,Video_4_new_header.mp4,18,1,3,755.1,1788.68,detected,0
3,Video_4_new_header.mp4,19,1,3,763.81,1777.53,detected,0
3,Video_4_new_header.mp4,20,1,3,768.5,1766.9,detected,0
3,Video_4_new_header.mp4,21,1,0,773.34,1761.04,detected,0
3,Video_4_new_header.mp4,22,1,3,783.22,1746.16,detected,0
3,Video_4_new_header.mp4,23,1,0,786.69,1739.1,detected,0
3,Video_4_new_header.mp4,24,1,3,798.17,1728.45,detected,0
3,Video_4_new_header.mp4,25,1,3,801.16,1717.47,detected,0
3,Video_4_new_header.mp4,26,1,0,807.2,1707.73,detected,0
3,Video_4_new_header.mp4,27,1,0,810.43,1697.35,detected,0
3,Video_4_new_header.mp4,27,2,2,37.77,321.96,detected,0
3,Video_4_new_header.mp4,28,1,3,816.95,1688.23,detected,0
3,Video_4_new_header.mp4,28,2,2,38.63,324.5,detected,0
3,Video_4_new_header.mp4,29,1,3,823.39,1678.29,detected,0
3,Video_4_new_header.mp4,29,2,2,38.87,330.36,detected,0
3,Video_4_new_header.mp4,30,1,3,825.82,1663.59,detected,0
3,Video_4_new_header.mp4,30,2,2,39.22,334.49,predicted,0
3,Video_4_new_header.mp4,31,1,0,828.8,1655.61,detected,0
3,Video_4_new_header.mp4,31,2,1,55.13,331.4,detected,0
3,Video_4_new_header.mp4,32,1,0,832.82,1645.89,detected,0
3,Video_4_new_header.mp4,32,2,1,56.98,345.48,detected,0
3,Video_4_new_header.mp4,33,1,0,836.56,1634.38,detected,0
3,Video_4_new_header.mp4,33,2,1,56.79,348.71,detected,0
3,Video_4_new_header.mp4,34,1,0,839.79,1621.87,detected,0
3,Video_4_new_header.mp4,34,2,1,56.79,357.13,detected,0
3,Video_4_new_header.mp4,35,1,0,844.13,1609.38,detected,0
3,Video_4_new_header.mp4,35,2,1,56.02,358.69,detected,0
3,Video_4_new_header.mp4,36,1,0,844.7,1598.13,detected,0
3,Video_4_new_header.mp4,36,2,2,49.35,361.96,detected,0
3,Video_4_new_header.mp4,37,1,3,851.12,1588.43,detected,0
3,Video_4_new_header.mp4,37,2,2,49.61,361.98,detected,0
3,Video_4_new_header.mp4,38,1,3,851.58,1578.61,detected,0
3,Video_4_new_header.mp4,38,2,2,50.52,362.65,detected,0
3,Video_4_new_header.mp4,39,1,0,852.82,1567.47,detected,0
3,Video_4_new_header.mp4,39,2,2,52.76,365.26,detected,0
3,Video_4_new_header.mp4,40,1,0,856.2,1558.5,detected,0
3,Video_4_new_header.mp4,40,2,2,53.85,368.75,detected,0
3,Video_4_new_header.mp4,41,1,0,857.41,1545.29,detected,0
3,Video_4_new_header.mp4,41,2,2,59.04,373.53,detected,0
3,Video_4_new_header.mp4,42,1,0,858.69,1534.28,detected,0
3,Video_4_new_header.mp4,42,2,1,57.72,379.19,detected,0
3,Video_4_new_header.mp4,43,1,3,859.97,1524.38,detected,0
3,Video_4_new_header.mp4,43,2,1,58.1,380.49,detected,0
3,Video_4_new_header.mp4,44,1,3,860.68,1513.79,detected,0
3,Video_4_new_header.mp4,44,2,2,59.22,387.3,detected,0
3,Video_4_new_header.mp4,45,1,3,861.41,1499.66,detected,0
3,Video_4_new_header.mp4,45,2,2,61.0,388.81,detected,0
3,Video_4_new_header.mp4,46,1,0,862.02,1489.58,detected,0
3,Video_4_new_header.mp4,46,2,2,66.5,393.37,detected,0
3,Video_4_new_header.mp4,47,1,3,865.23,1480.27,detected,0
3,Video_4_new_header.mp4,47,2,2,66.28,396.24,detected,0
3,Video_4_new_header.mp4,48,1,3,863.17,1472.26,detected,0
3,Video_4_new_header.mp4,48,2,2,68.8,397.01,detected,0
3,Video_4_new_header.mp4,49,1,0,865.04,1463.03,detected,0
3,Video_4_new_header.mp4,49,2,2,68.92,406.03,detected,0
3,Video_4_new_header.mp4,50,1,3,863.22,1446.63,detected,0
3,Video_4_new_header.mp4,50,2,2,69.3,408.14,detected,0
3,Video_4_new_header.mp4,51,1,0,863.29,1439.9,detected,0
3,Video_4_new_header.mp4,51,2,2,78.6,413.7,detected,0
3,Video_4_new_header.mp4,52,1,0,862.74,1426.96,detected,0
3,Video_4_new_header.mp4,52,2,2,79.17,417.06,detected,0
3,Video_4_new_header.mp4,53,1,3,862.68,1415.29,detected,0
3,Video_4_new_header.mp4,53,2,2,81.06,420.82,detected,0
3,Video_4_new_header.mp4,54,1,3,862.69,1408.8,detected,0
3,Video_4_new_header.mp4,54,2,2,82.56,425.74,detected,0
3,Video_4_new_header.mp4,55,1,0,861.84,1396.25,detected,0
3,Video_4_new_header.mp4,55,2,2,83.19,431.1,detected,0
3,Video_4_new_header.mp4,56,1,0,860.05,1387.07,detected,0
3,Video_4_new_header.mp4,56,2,1,84.89,434.08,detected,0
3,Video_4_new_header.mp4,57,1,3,859.2,1376.87,detected,0
3,Video_4_new_header.mp4,57,2,2,85.71,431.99,detected,0
3,Video_4_new_header.mp4,58,1,0,855.47,1362.7,detected,0
3,Video_4_new_header.mp4,58,2,2,89.52,432.09,detected,0
3,Video_4_new_header.mp4,59,1,3,856.13,1357.0,detected,0
3,Video_4_new_header.mp4,59,2,2,93.16,439.72,detected,0
3,Video_4_new_header.mp4,60,1,0,850.32,1348.91,detected,0
3,Video_4_new_header.mp4,60,2,2,95.4,466.06,detected,0
3,Video_4_new_header.mp4,61,1,0,848.4,1336.69,detected,0
3,Video_4_new_header.mp4,61,2,2,97.91,471.23,detected,0
3,Video_4_new_header.mp4,62,1,3,846.08,1327.99,detected,0
3,Video_4_new_header.mp4,62,2,2,102.45,476.89,detected,0
3,Video_4_new_header.mp4,63,1,3,842.81,1318.4,detected,0
3,Video_4_new_header.mp4,63,2,2,106.77,485.85,detected,0
3,Video_4_new_header.mp4,64,1,3,839.31,1306.52,detected,0
3,Video_4_new_header.mp4,64,2,2,115.1,498.91,detected,0
3,Video_4_new_header.mp4,65,1,3,836.82,1300.44,detected,0
3,Video_4_new_header.mp4,65,2,2,113.41,502.76,detected,0
3,Video_4_new_header.mp4,66,1,3,832.19,1285.39,detected,0
3,Video_4_new_header.mp4,66,2,2,124.82,510.78,detected,0
3,Video_4_new_header.mp4,67,1,3,822.94,1278.92,detected,0
3,Video_4_new_header.mp4,67,2,1,132.52,516.36,detected,0
3,Video_4_new_header.mp4,68,1,0,819.73,1270.62,detected,0
3,Video_4_new_header.mp4,68,2,1,140.0,525.4,detected,0
3,Video_4_new_header.mp4,69,1,3,820.36,1259.13,detected,0
3,Video_4_new_header.mp4,69,2,2,142.59,526.3,detected,0
3,Video_4_new_header.mp4,70,1,3,813.32,1251.45,detected,0
3,Video_4_new_header.mp4,70,2,2,141.44,533.32,detected,0
3,Video_4_new_header.mp4,71,1,3,810.57,1240.43,detected,0
3,Video_4_new_header.mp4,71,2,2,150.73,539.9,detected,0
3,Video_4_new_header.mp4,72,1,3,802.06,1232.14,detected,0
3,Video_4_new_header.mp4,72,2,2,163.89,548.46,detected,0
3,Video_4_new_header.mp4,73,1,0,797.07,1226.1,detected,0
3,Video_4_new_header.mp4,73,2,2,165.94,554.73,detected,0
3,Video_4_new_header.mp4,74,1,0,789.52,1216.29,detected,0
3,Video_4_new_header.mp4,74,2,1,167.69,564.95,detected,0
3,Video_4_new_header.mp4,75,1,3,785.98,1209.75,detected,0
3,Video_4_new_header.mp4,75,2,2,173.69,572.81,detected,0
3,Video_4_new_header.mp4,76,1,3,778.12,1200.68,detected,0
3,Video_4_new_header.mp4,76,2,1,173.0,576.9,detected,0
3,Video_4_new_header.mp4,77,1,0,774.54,1192.99,detected,0
3,Video_4_new_header.mp4,77,2,2,176.6,581.74,detected,0
3,Video_4_new_header.mp4,78,1,0,768.73,1186.18,detected,0
3,Video_4_new_header.mp4,78,2,1,181.61,588.11,detected,0
3,Video_4_new_header.mp4,79,1,3,761.28,1180.57,detected,0
3,Video_4_new_header.mp4,79,2,1,188.97,598.24,detected,0
3,Video_4_new_header.mp4,80,1,0,756.34,1174.58,detected,0
3,Video_4_new_header.mp4,80,2,2,194.41,602.92,detected,0
3,Video_4_new_header.mp4,81,1,3,744.92,1162.81,detected,0
3,Video_4_new_header.mp4,81,2,2,198.01,607.66,detected,0
3,Video_4_new_header.mp4,82,1,3,741.03,1154.66,detected,0
3,Video_4_new_header.mp4,82,2,1,204.06,615.48,detected,0
3,Video_4_new_header.mp4,83,1,3,732.61,1148.62,detected,0
3,Video_4_new_header.mp4,83,2,2,205.45,621.1,detected,0
3,Video_4_new_header.mp4,84,1,3,730.37,1139.11,detected,0
3,Video_4_new_header.mp4,84,2,2,209.49,628.94,detected,0
3,Video_4_new_header.mp4,85,1,0,726.42,1130.76,detected,0
3,Video_4_new_header.mp4,85,2,1,214.57,634.29,detected,0
3,Video_4_new_header.mp4,86,1,3,721.85,1124.26,detected,0
3,Video_4_new_header.mp4,86,2,1,227.45,644.69,detected,0
3,Video_4_new_header.mp4,87,1,0,718.61,1116.79,detected,0
3,Video_4_new_header.mp4,87,2,1,229.67,650.12,detected,0
3,Video_4_new_header.mp4,88,1,0,710.91,1107.95,detected,0
3,Video_4_new_header.mp4,88,2,1,232.72,659.36,detected,0
3,Video_4_new_header.mp4,89,1,0,705.5,1098.97,detected,0
3,Video_4_new_header.mp4,89,2,1,242.3,668.98,detected,0
3,Video_4_new_header.mp4,90,1,3,696.28,1093.99,detected,0
3,Video_4_new_header.mp4,90,2,1,246.03,675.31,detected,0
3,Video_4_new_header.mp4,91,1,3,693.27,1085.09,detected,0
3,Video_4_new_header.mp4,91,2,1,252.35,676.54,detected,0
3,Video_4_new_header.mp4,92,1,0,687.38,1078.08,detected,0
3,Video_4_new_header.mp4,92,2,1,251.79,680.98,detected,0
3,Video_4_new_header.mp4,93,1,0,684.3,1067.04,detected,0
3,Video_4_new_header.mp4,93,2,1,256.63,693.59,detected,0
3,Video_4_new_header.mp4,94,1,3,676.73,1061.61,detected,0
3,Video_4_new_header.mp4,94,2,1,258.55,702.16,detected,0
3,Video_4_new_header.mp4,95,1,0,672.99,1056.68,detected,0
3,Video_4_new_header.mp4,95,2,1,263.25,708.04,detected,0
3,Video_4_new_header.mp4,96,1,0,667.23,1045.49,detected,0
3,Video_4_new_header.mp4,96,2,1,274.5,716.25,detected,0
3,Video_4_new_header.mp4,97,1,3,659.13,1039.21,detected,0
3,Video_4_new_header.mp4,97,2,1,276.18,723.62,detected,0
3,Video_4_new_header.mp4,98,1,0,655.97,1033.83,detected,0
3,Video_4_new_header.mp4,98,2,1,283.01,729.3,detected,0
3,Video_4_new_header.mp4,99,1,0,651.67,1026.8,detected,0
3,Video_4_new_header.mp4,99,2,1,287.97,733.47,detected,0
3,Video_4_new_header.mp4,100,1,0,643.63,1013.83,detected,0
3,Video_4_new_header.mp4,100,2,1,290.27,742.07,detected,0
3,Video_4_new_header.mp4,101,1,0,639.32,1005.7,detected,0
3,Video_4_new_header.mp4,101,2,1,292.99,751.47,detected,0
3,Video_4_new_header.mp4,102,1,3,627.43,999.63,detected,0
3,Video_4_new_header.mp4,102,2,1,295.97,755.62,detected,0
3,Video_4_new_header.mp4,103,1,0,624.64,990.31,detected,0
3,Video_4_new_header.mp4,103,2,1,299.74,762.95,detected,0
3,Video_4_new_header.mp4,104,1,0,617.86,985.27,detected,0
3,Video_4_new_header.mp4,104,2,1,306.69,772.97,detected,0
3,Video_4_new_header.mp4,105,1,3,607.72,982.49,detected,0
3,Video_4_new_header.mp4,105,2,1,309.28,780.98,detected,0
3,Video_4_new_header.mp4,106,1,3,601.01,976.97,detected,0
3,Video_4_new_header.mp4,106,2,1,313.3,786.35,detected,0
3,Video_4_new_header.mp4,107,1,3,592.01,967.55,detected,0
3,Video_4_new_header.mp4,107,2,1,319.05,792.31,detected,0
3,Video_4_new_header.mp4,108,1,3,588.61,961.29,detected,0
3,Video_4_new_header.mp4,108,2,1,325.49,799.1,detected,0
3,Video_4_new_header.mp4,109,1,3,579.28,957.58,detected,0
3,Video_4_new_header.mp4,109,2,1,329.47,804.96,detected,0
3,Video_4_new_header.mp4,110,1,3,569.21,950.46,detected,0
3,Video_4_new_header.mp4,110,2,1,333.64,815.43,detected,0
3,Video_4_new_header.mp4,111,1,3,566.0,944.59,detected,0
3,Video_4_new_header.mp4,111,2,1,339.21,823.13,detected,0
3,Video_4_new_header.mp4,112,1,3,558.42,939.58,detected,0
3,Video_4_new_header.mp4,112,2,1,342.15,829.56,detected,0
3,Video_4_new_header.mp4,113,1,3,553.13,936.22,detected,0
3,Video_4_new_header.mp4,113,2,1,348.47,834.91,detected,0
3,Video_4_new_header.mp4,114,1,3,544.33,928.68,detected,0
3,Video_4_new_header.mp4,114,2,1,354.59,840.11,detected,0
3,Video_4_new_header.mp4,115,1,3,540.67,924.81,detected,0
3,Video_4_new_header.mp4,115,2,1,361.49,852.07,detected,0
3,Video_4_new_header.mp4,116,1,3,547.4,922.48,detected,0
3,Video_4_new_header.mp4,116,2,1,371.43,857.72,detected,0
3,Video_4_new_header.mp4,117,1,3,539.27,920.96,detected,0
3,Video_4_new_header.mp4,117,2,1,374.2,864.18,detected,0
3,Video_4_new_header.mp4,118,1,3,538.71,917.03,detected,0
3,Video_4_new_header.mp4,118,2,3,382.87,874.67,detected,0
3,Video_4_new_header.mp4,119,1,3,525.74,909.17,detected,0
3,Video_4_new_header.mp4,119,2,3,429.57,880.56,detected,0
3,Video_4_new_header.mp4,120,1,3,500.29,903.89,detected,0
3,Video_4_new_header.mp4,120,2,3,421.2,887.78,detected,0
3,Video_4_new_header.mp4,121,1,3,481.59,898.31,predicted,1
3,Video_4_new_header.mp4,121,2,3,444.91,890.4,detected,1
3,Video_4_new_header.mp4,122,1,3,452.38,896.19,predicted,1
3,Video_4_new_header.mp4,122,2,3,440.8,894.86,detected,1
3,Video_4_new_header.mp4,123,1,3,428.54,889.68,predicted,1
3,Video_4_new_header.mp4,123,2,3,427.67,906.76,detected,1
3,Video_4_new_header.mp4,124,1,3,404.41,884.34,predicted,1
3,Video_4_new_header.mp4,124,2,3,427.34,911.97,detected,1
3,Video_4_new_header.mp4,125,1,3,380.08,879.94,predicted,0
3,Video_4_new_header.mp4,125,2,3,428.26,916.85,detected,0
3,Video_4_new_header.mp4,126,1,3,355.62,876.42,predicted,0
3,Video_4_new_header.mp4,126,2,1,428.55,922.3,detected,0
3,Video_4_new_header.mp4,127,1,3,331.02,874.07,predicted,0
3,Video_4_new_header.mp4,127,2,1,427.58,926.47,detected,0
3,Video_4_new_header.mp4,128,1,3,306.34,873.1,predicted,0
3,Video_4_new_header.mp4,128,2,1,428.86,931.41,detected,0
3,Video_4_new_header.mp4,129,1,3,281.62,873.44,predicted,0
3,Video_4_new_header.mp4,129,2,1,429.2,935.27,detected,0
3,Video_4_new_header.mp4,130,1,3,256.95,875.04,predicted,0
3,Video_4_new_header.mp4,130,2,1,417.87,937.98,detected,0
3,Video_4_new_header.mp4,131,1,3,232.42,878.04,predicted,0
3,Video_4_new_header.mp4,131,2,1,453.32,945.6,detected,0
3,Video_4_new_header.mp4,132,1,3,208.19,882.84,predicted,0
3,Video_4_new_header.mp4,132,2,1,452.82,956.74,detected,0
3,Video_4_new_header.mp4,133,1,3,184.52,889.86,predicted,0
3,Video_4_new_header.mp4,133,2,1,454.12,982.54,detected,0
3,Video_4_new_header.mp4,134,1,3,161.58,898.98,predicted,0
3,Video_4_new_header.mp4,134,2,1,456.74,992.6,detected,0
3,Video_4_new_header.mp4,135,1,3,139.47,910.03,predicted,0
3,Video_4_new_header.mp4,135,2,1,458.35,997.83,detected,0
3,Video_4_new_header.mp4,136,2,1,463.48,1007.52,detected,0
3,Video_4_new_header.mp4,136,1,3,323.91,872.47,detected,0
3,Video_4_new_header.mp4,137,2,1,473.07,1015.19,detected,0
3,Video_4_new_header.mp4,137,1,3,318.88,873.91,detected,0
3,Video_4_new_header.mp4,138,2,1,480.05,1024.93,detected,0
3,Video_4_new_header.mp4,138,1,3,313.56,873.18,detected,0
3,Video_4_new_header.mp4,139,2,1,485.42,1032.95,detected,0
3,Video_4_new_header.mp4,139,1,3,295.2,871.62,detected,0
3,Video_4_new_header.mp4,140,2,1,488.97,1038.64,detected,0
3,Video_4_new_header.mp4,140,1,3,284.23,873.96,detected,0
3,Video_4_new_header.mp4,141,2,1,495.38,1045.77,detected,0
3,Video_4_new_header.mp4,141,1,3,277.78,874.34,detected,0
3,Video_4_new_header.mp4,142,2,1,499.39,1054.3,detected,0
3,Video_4_new_header.mp4,142,1,3,261.22,875.72,detected,0
3,Video_4_new_header.mp4,143,2,1,501.8,1062.75,detected,0
3,Video_4_new_header.mp4,143,1,3,260.26,875.06,detected,0
3,Video_4_new_header.mp4,144,2,1,509.67,1070.04,detected,0
3,Video_4_new_header.mp4,144,1,3,242.05,876.46,detected,0
3,Video_4_new_header.mp4,145,2,1,512.85,1079.16,detected,0
3,Video_4_new_header.mp4,145,1,3,237.85,876.29,detected,0
3,Video_4_new_header.mp4,146,2,1,519.44,1086.69,detected,0
3,Video_4_new_header.mp4,146,1,3,228.32,879.14,detected,0
3,Video_4_new_header.mp4,147,2,1,523.58,1093.22,detected,0
3,Video_4_new_header.mp4,147,1,3,217.25,882.27,detected,0
3,Video_4_new_header.mp4,148,2,4,532.44,1101.14,detected,0
3,Video_4_new_header.mp4,148,1,3,208.33,883.36,detected,0
3,Video_4_new_header.mp4,149,2,4,537.9,1108.73,detected,0
3,Video_4_new_header.mp4,149,1,3,196.75,888.02,detected,0
3,Video_4_new_header.mp4,150,2,4,541.25,1116.63,detected,0
3,Video_4_new_header.mp4,150,1,3,190.15,889.73,detected,0
3,Video_4_new_header.mp4,151,2,4,545.52,1126.58,detected,0
3,Video_4_new_header.mp4,151,1,3,178.62,894.99,detected,0
3,Video_4_new_header.mp4,152,2,1,551.69,1133.72,detected,0
3,Video_4_new_header.mp4,152,1,3,168.03,897.8,detected,0
3,Video_4_new_header.mp4,153,2,1,554.09,1140.24,detected,0
3,Video_4_new_header.mp4,153,1,3,159.69,901.65,detected,0
3,Video_4_new_header.mp4,154,2,1,559.51,1149.04,detected,0
3,Video_4_new_header.mp4,154,1,3,147.83,903.29,detected,0
3,Video_4_new_header.mp4,155,2,4,566.76,1156.97,detected,0
3,Video_4_new_header.mp4,155,1,3,137.88,907.42,detected,0
3,Video_4_new_header.mp4,156,2,1,572.39,1164.02,detected,0
3,Video_4_new_header.mp4,156,1,2,128.54,911.24,detected,0
3,Video_4_new_header.mp4,157,2,4,581.62,1173.76,detected,0
3,Video_4_new_header.mp4,157,1,2,116.15,917.39,detected,0
3,Video_4_new_header.mp4,158,2,1,583.62,1181.65,detected,0
3,Video_4_new_header.mp4,158,1,2,114.76,919.81,detected,0
3,Video_4_new_header.mp4,159,2,1,590.1,1189.04,detected,0
3,Video_4_new_header.mp4,159,1,2,109.23,926.53,detected,0
3,Video_4_new_header.mp4,160,2,4,595.01,1196.56,detected,0
3,Video_4_new_header.mp4,160,1,2,103.06,931.63,detected,0
3,Video_4_new_header.mp4,161,2,4,601.13,1203.53,detected,0
3,Video_4_new_header.mp4,161,1,2,100.96,937.02,detected,0
3,Video_4_new_header.mp4,162,2,1,605.0,1211.75,detected,0
3,Video_4_new_header.mp4,162,1,2,96.05,941.1,detected,0
3,Video_4_new_header.mp4,163,2,1,612.38,1221.03,detected,0
3,Video_4_new_header.mp4,163,1,2,93.05,951.1,detected,0
3,Video_4_new_header.mp4,164,2,4,614.65,1229.44,detected,0
3,Video_4_new_header.mp4,164,1,2,89.55,954.98,detected,0
4,Video_5_new_header.mp4,5,1,4,177.35,1029.13,detected,0
4,Video_5_new_header.mp4,5,2,2,207.8,621.7,detected,0
4,Video_5_new_header.mp4,6,1,5,184.5,1022.7,detected,0
4,Video_5_new_header.mp4,6,2,2,210.12,629.26,detected,0
4,Video_5_new_header.mp4,7,1,4,194.64,1018.63,detected,0
4,Video_5_new_header.mp4,7,2,1,215.46,633.1,detected,0
4,Video_5_new_header.mp4,8,1,5,203.7,1008.69,detected,0
4,Video_5_new_header.mp4,8,2,1,225.34,643.56,detected,0
4,Video_5_new_header.mp4,9,1,5,208.28,997.6,detected,0
4,Video_5_new_header.mp4,9,2,1,230.07,649.06,detected,0
4,Video_5_new_header.mp4,10,1,5,212.4,991.25,detected,0
4,Video_5_new_header.mp4,10,2,1,233.96,659.57,detected,0
4,Video_5_new_header.mp4,11,1,5,228.65,984.61,detected,0
4,Video_5_new_header.mp4,11,2,1,241.65,668.55,detected,0
4,Video_5_new_header.mp4,12,1,5,229.07,978.82,detected,0
4,Video_5_new_header.mp4,12,2,1,249.32,674.44,detected,0
4,Video_5_new_header.mp4,13,1,5,236.28,969.99,detected,0
4,Video_5_new_header.mp4,13,2,1,251.09,676.72,detected,0
4,Video_5_new_header.mp4,14,1,5,242.71,961.92,detected,0
4,Video_5_new_header.mp4,14,2,1,250.9,680.14,detected,0
4,Video_5_new_header.mp4,15,1,5,252.05,958.56,detected,0
4,Video_5_new_header.mp4,15,2,1,255.69,693.22,detected,0
4,Video_5_new_header.mp4,16,1,5,268.49,947.44,detected,0
4,Video_5_new_header.mp4,16,2,1,258.01,701.38,detected,0
4,Video_5_new_header.mp4,17,1,5,272.36,937.77,detected,0
4,Video_5_new_header.mp4,17,2,1,262.76,707.34,detected,0
4,Video_5_new_header.mp4,18,1,5,276.44,932.82,detected,0
4,Video_5_new_header.mp4,18,2,1,270.64,714.83,detected,0
4,Video_5_new_header.mp4,19,1,5,282.49,926.73,detected,0
4,Video_5_new_header.mp4,19,2,1,276.09,720.85,detected,0
4,Video_5_new_header.mp4,20,1,5,286.15,914.62,detected,0
4,Video_5_new_header.mp4,20,2,1,279.14,724.35,detected,0
4,Video_5_new_header.mp4,21,1,5,291.33,909.09,detected,0
4,Video_5_new_header.mp4,21,2,1,285.29,732.23,detected,0
4,Video_5_new_header.mp4,22,1,5,298.92,907.29,detected,0
4,Video_5_new_header.mp4,22,2,1,296.17,734.3,detected,0
4,Video_5_new_header.mp4,23,1,5,307.17,899.47,detected,0
4,Video_5_new_header.mp4,23,2,1,283.52,736.36,detected,0
4,Video_5_new_header.mp4,24,1,5,301.23,876.73,detected,0
4,Video_5_new_header.mp4,24,2,1,259.05,713.21,detected,0
4,Video_5_new_header.mp4,25,1,5,308.04,865.99,detected,0
4,Video_5_new_header.mp4,25,2,1,261.72,716.26,detected,0
4,Video_5_new_header.mp4,26,1,5,309.26,856.66,detected,0
4,Video_5_new_header.mp4,26,2,1,263.71,722.22,detected,0
4,Video_5_new_header.mp4,27,1,5,317.22,858.07,detected,0
4,Video_5_new_header.mp4,27,2,1,272.84,728.48,detected,0
4,Video_5_new_header.mp4,28,1,5,322.9,854.61,predicted,0
4,Video_5_new_header.mp4,28,2,1,278.0,733.15,predicted,0
4,Video_5_new_header.mp4,29,1,1,313.3,804.83,detected,0
4,Video_5_new_header.mp4,29,2,1,289.51,744.24,predicted,0
4,Video_5_new_header.mp4,30,1,1,314.68,805.02,detected,1
4,Video_5_new_header.mp4,30,2,1,296.09,754.26,predicted,1
4,Video_5_new_header.mp4,31,1,1,323.9,805.27,detected,1
4,Video_5_new_header.mp4,31,2,1,273.51,797.26,detected,1
4,Video_5_new_header.mp4,32,1,1,323.65,809.84,detected,1
4,Video_5_new_header.mp4,32,2,1,277.32,803.09,predicted,1
4,Video_5_new_header.mp4,33,1,1,337.54,797.8,detected,1
4,Video_5_new_header.mp4,33,2,1,322.35,794.4,predicted,1
4,Video_5_new_header.mp4,34,1,1,368.31,786.64,detected,1
4,Video_5_new_header.mp4,34,2,1,328.93,804.43,predicted,1
4,Video_5_new_header.mp4,35,1,1,362.43,781.96,detected,1
4,Video_5_new_header.mp4,35,2,1,335.49,814.46,predicted,1
4,Video_5_new_header.mp4,36,1,1,343.58,808.84,detected,1
4,Video_5_new_header.mp4,36,2,1,342.04,824.51,predicted,1
4,Video_5_new_header.mp4,37,1,1,339.36,797.26,detected,1
4,Video_5_new_header.mp4,37,2,1,348.61,834.54,predicted,1
4,Video_5_new_header.mp4,38,1,1,343.33,811.61,detected,1
4,Video_5_new_header.mp4,38,2,1,355.21,844.55,predicted,1
4,Video_5_new_header.mp4,39,1,1,353.49,809.14,detected,1
4,Video_5_new_header.mp4,39,2,1,361.83,854.54,predicted,1
4,Video_5_new_header.mp4,40,1,1,359.54,810.85,predicted,0
4,Video_5_new_header.mp4,40,2,1,378.96,875.55,detected,0
4,Video_5_new_header.mp4,41,1,1,375.51,803.51,detected,0
4,Video_5_new_header.mp4,41,2,1,382.86,881.31,predicted,0
4,Video_5_new_header.mp4,42,1,5,376.3,801.23,detected,0
4,Video_5_new_header.mp4,42,2,1,388.63,894.33,predicted,0
4,Video_5_new_header.mp4,43,1,5,381.3,796.64,detected,0
4,Video_5_new_header.mp4,43,2,1,384.41,882.53,detected,0
4,Video_5_new_header.mp4,44,1,5,384.24,792.96,predicted,0
4,Video_5_new_header.mp4,44,2,1,395.74,902.32,detected,0
4,Video_5_new_header.mp4,45,1,5,356.84,696.31,detected,0
4,Video_5_new_header.mp4,45,2,1,398.65,908.56,detected,0
4,Video_5_new_header.mp4,46,1,5,352.92,688.82,detected,0
4,Video_5_new_header.mp4,46,2,1,401.73,915.02,detected,0
4,Video_5_new_header.mp4,47,1,5,352.04,680.24,detected,0
4,Video_5_new_header.mp4,47,2,1,408.42,926.0,detected,0
4,Video_5_new_header.mp4,48,1,5,353.96,673.7,detected,0
4,Video_5_new_header.mp4,48,2,1,411.42,933.66,detected,0
4,Video_5_new_header.mp4,49,1,5,349.82,664.07,detected,0
4,Video_5_new_header.mp4,49,2,1,420.15,940.11,detected,0
4,Video_5_new_header.mp4,50,1,5,349.35,657.62,detected,0
4,Video_5_new_header.mp4,50,2,1,424.19,945.63,detected,0
4,Video_5_new_header.mp4,51,1,5,348.09,645.43,detected,0
4,Video_5_new_header.mp4,51,2,1,430.48,954.75,detected,0
4,Video_5_new_header.mp4,52,1,5,344.9,638.35,detected,0
4,Video_5_new_header.mp4,52,2,1,437.62,961.76,detected,0
4,Video_5_new_header.mp4,53,1,5,350.34,630.22,detected,0
4,Video_5_new_header.mp4,53,2,1,442.67,971.97,detected,0
4,Video_5_new_header.mp4,54,1,5,351.56,624.85,detected,0
4,Video_5_new_header.mp4,54,2,1,450.15,980.11,detected,0
4,Video_5_new_header.mp4,55,1,5,345.26,615.04,detected,0
4,Video_5_new_header.mp4,55,2,1,454.66,986.31,detected,0
4,Video_5_new_header.mp4,56,1,5,342.67,606.09,detected,0
4,Video_5_new_header.mp4,56,2,1,457.23,992.31,detected,0
4,Video_5_new_header.mp4,57,1,5,341.77,600.13,detected,0
4,Video_5_new_header.mp4,57,2,1,459.89,1001.5,detected,0
4,Video_5_new_header.mp4,58,1,5,337.94,590.91,detected,0
4,Video_5_new_header.mp4,58,2,1,468.0,1008.3,detected,0
4,Video_5_new_header.mp4,59,1,0,338.58,581.25,detected,0
4,Video_5_new_header.mp4,59,2,1,474.67,1015.34,detected,0
4,Video_5_new_header.mp4,60,1,5,334.83,575.15,detected,0
4,Video_5_new_header.mp4,60,2,1,479.75,1025.89,detected,0
4,Video_5_new_header.mp4,61,1,5,331.09,570.28,detected,0
4,Video_5_new_header.mp4,61,2,1,485.43,1032.79,detected,0
4,Video_5_new_header.mp4,62,1,5,330.12,563.03,detected,0
4,Video_5_new_header.mp4,62,2,1,488.59,1038.47,detected,0
4,Video_5_new_header.mp4,63,1,5,324.15,553.86,detected,0
4,Video_5_new_header.mp4,63,2,1,494.63,1045.89,detected,0
4,Video_5_new_header.mp4,64,1,5,314.93,545.46,detected,0
4,Video_5_new_header.mp4,64,2,1,498.32,1054.05,detected,0
4,Video_5_new_header.mp4,65,1,5,316.0,538.46,detected,0
4,Video_5_new_header.mp4,65,2,1,501.86,1062.78,detected,0
4,Video_5_new_header.mp4,66,1,5,309.39,529.53,detected,0
4,Video_5_new_header.mp4,66,2,1,509.0,1070.39,detected,0
4,Video_5_new_header.mp4,67,1,5,306.78,523.33,detected,0
4,Video_5_new_header.mp4,67,2,4,512.59,1078.31,detected,0
4,Video_5_new_header.mp4,68,1,5,305.98,519.51,detected,0
4,Video_5_new_header.mp4,68,2,4,518.09,1087.18,detected,0
4,Video_5_new_header.mp4,69,1,5,301.83,511.16,detected,0
4,Video_5_new_header.mp4,69,2,1,523.57,1093.34,detected,0
4,Video_5_new_header.mp4,70,1,5,295.57,504.98,detected,0
4,Video_5_new_header.mp4,70,2,4,531.9,1101.26,detected,0
4,Video_5_new_header.mp4,71,1,5,291.76,498.78,detected,0
4,Video_5_new_header.mp4,71,2,4,536.85,1108.74,detected,0
4,Video_5_new_header.mp4,72,1,5,288.53,493.05,detected,0
4,Video_5_new_header.mp4,72,2,4,540.95,1116.98,detected,0
4,Video_5_new_header.mp4,73,1,5,280.9,483.9,detected,0
4,Video_5_new_header.mp4,73,2,4,545.71,1126.65,detected,0
4,Video_5_new_header.mp4,74,1,5,272.38,477.05,detected,0
4,Video_5_new_header.mp4,74,2,4,553.04,1134.14,detected,0
4,Video_5_new_header.mp4,75,1,5,268.73,473.18,detected,0
4,Video_5_new_header.mp4,75,2,1,554.15,1139.96,detected,0
4,Video_5_new_header.mp4,76,1,5,265.4,466.7,detected,0
4,Video_5_new_header.mp4,76,2,4,560.9,1148.72,detected,0
4,Video_5_new_header.mp4,77,1,5,257.35,457.58,detected,0
4,Video_5_new_header.mp4,77,2,4,568.41,1157.48,detected,0
4,Video_5_new_header.mp4,78,1,5,255.69,452.3,detected,0
4,Video_5_new_header.mp4,78,2,1,572.45,1164.01,detected,0
4,Video_5_new_header.mp4,79,1,5,251.01,446.72,detected,0
4,Video_5_new_header.mp4,79,2,4,582.29,1174.02,detected,0
4,Video_5_new_header.mp4,80,1,5,249.3,441.27,detected,0
4,Video_5_new_header.mp4,80,2,1,583.38,1181.71,detected,0
4,Video_5_new_header.mp4,81,1,0,235.98,432.08,detected,0
4,Video_5_new_header.mp4,81,2,1,589.59,1189.31,detected,0
4,Video_5_new_header.mp4,82,1,5,231.37,424.71,detected,0
4,Video_5_new_header.mp4,82,2,4,594.54,1196.5,detected,0
4,Video_5_new_header.mp4,83,1,0,227.49,421.0,detected,0
4,Video_5_new_header.mp4,83,2,4,599.75,1203.7,detected,0
4,Video_5_new_header.mp4,84,1,5,227.43,416.86,detected,0
4,Video_5_new_header.mp4,84,2,1,605.97,1212.27,detected,0
4,Video_5_new_header.mp4,85,1,0,223.32,409.03,detected,0
4,Video_5_new_header.mp4,85,2,1,613.06,1220.47,detected,0
4,Video_5_new_header.mp4,86,1,5,219.91,403.06,detected,0
4,Video_5_new_header.mp4,86,2,4,615.38,1229.4,detected,0
